800.43;0.85566
800.68;0.84254
800.93;0.83604
801.17;0.84063
801.42;0.84978
801.67;0.85042
801.92;0.83817
802.17;0.82698
802.41;0.83207
802.66;0.84785
802.91;0.85331
803.16;0.84629
803.41;0.84345
803.66;0.84945
803.91;0.85357
804.16;0.85071
804.41;0.84613
804.65;0.83939
804.9;0.83077
805.15;0.83119
805.4;0.83997
805.66;0.84151
805.91;0.83399
806.16;0.83023
806.41;0.83399
806.66;0.84021
806.91;0.84612
807.16;0.84948
807.41;0.85031
807.66;0.8501
807.91;0.84655
808.17;0.84173
808.42;0.83995
808.67;0.83921
808.92;0.84178
809.18;0.84975
809.43;0.85574
809.68;0.85419
809.93;0.85056
810.19;0.84932
810.44;0.84929
810.69;0.84877
810.95;0.84805
811.2;0.84689
811.45;0.84269
811.71;0.83725
811.96;0.83794
812.22;0.84526
812.47;0.85193
812.73;0.85386
812.98;0.85251
813.24;0.84762
813.49;0.84332
813.75;0.84185
814;0.84002
814.26;0.83763
814.51;0.83252
814.77;0.83019
815.03;0.83892
815.28;0.84521
815.54;0.83973
815.8;0.83906
816.05;0.85192
816.31;0.86176
816.57;0.85806
816.82;0.85036
817.08;0.84556
817.34;0.84254
817.6;0.8404
817.85;0.83949
818.11;0.84048
818.37;0.84155
818.63;0.84339
818.89;0.84582
819.15;0.84854
819.41;0.85296
819.66;0.85585
819.92;0.85729
820.18;0.85941
820.44;0.86075
820.7;0.85826
820.96;0.85568
821.22;0.85807
821.48;0.86001
821.74;0.85598
822;0.84697
822.26;0.83694
822.52;0.83394
822.79;0.83967
823.05;0.84614
823.31;0.84936
823.57;0.8515
823.83;0.84993
824.09;0.84691
824.36;0.8484
824.62;0.85072
824.88;0.84954
825.14;0.8471
825.41;0.84429
825.67;0.84349
825.93;0.84476
826.19;0.84303
826.46;0.84047
826.72;0.84123
826.98;0.84628
827.25;0.85572
827.51;0.86228
827.78;0.86221
828.04;0.8618
828.31;0.8588
828.57;0.85091
828.84;0.84658
829.1;0.84913
829.37;0.8542
829.63;0.85432
829.9;0.84951
830.16;0.84832
830.43;0.8536
830.69;0.8603
830.96;0.86414
831.23;0.86393
831.49;0.86279
831.76;0.86255
832.03;0.85851
832.29;0.85222
832.56;0.84898
832.83;0.84865
833.1;0.85004
833.36;0.84681
833.63;0.83917
833.9;0.83692
834.17;0.84257
834.44;0.84975
834.71;0.85323
834.98;0.85278
835.24;0.84951
835.51;0.84459
835.78;0.84264
836.05;0.84644
836.32;0.84993
836.59;0.84505
836.86;0.83492
837.13;0.83083
837.4;0.83575
837.67;0.84101
837.94;0.84044
838.21;0.83719
838.49;0.83733
838.76;0.84294
839.03;0.84939
839.3;0.85129
839.57;0.85095
839.84;0.85352
840.12;0.85738
840.39;0.85687
840.66;0.85259
840.93;0.84753
841.21;0.84358
841.48;0.84113
841.75;0.83845
842.03;0.8413
842.3;0.8514
842.57;0.85666
842.85;0.85357
843.12;0.84976
843.4;0.84927
843.67;0.85128
843.94;0.85223
844.22;0.85022
844.49;0.84849
844.77;0.84942
845.04;0.8511
845.32;0.85325
845.6;0.85569
845.87;0.85464
846.15;0.85032
846.42;0.84811
846.7;0.85147
846.98;0.85761
847.25;0.85937
847.53;0.8567
847.81;0.85456
848.09;0.85481
848.36;0.85805
848.64;0.86166
848.92;0.8607
849.2;0.85441
849.48;0.84813
849.75;0.84906
850.03;0.85628
850.31;0.8608
850.59;0.85805
850.87;0.85159
851.15;0.84733
851.43;0.84774
851.71;0.84859
851.99;0.84621
852.27;0.84443
852.55;0.85003
852.83;0.86011
853.11;0.86185
853.39;0.85547
853.67;0.85349
853.95;0.85817
854.23;0.86019
854.51;0.85576
854.8;0.85207
855.08;0.85456
855.36;0.86021
855.64;0.86444
855.93;0.86641
856.21;0.8666
856.49;0.86323
856.77;0.85703
857.06;0.85242
857.34;0.85162
857.62;0.85462
857.91;0.85939
858.19;0.8616
858.48;0.86093
858.76;0.85929
859.05;0.85756
859.33;0.85864
859.61;0.86153
859.9;0.86257
860.19;0.86484
860.47;0.8689
860.76;0.8697
861.04;0.86787
861.33;0.86561
861.61;0.86375
861.9;0.86572
862.19;0.86824
862.47;0.86651
862.76;0.86494
863.05;0.86599
863.34;0.86595
863.62;0.86313
863.91;0.85956
864.2;0.85857
864.49;0.85856
864.78;0.85662
865.06;0.85732
865.35;0.86234
865.64;0.86463
865.93;0.86329
866.22;0.86597
866.51;0.87168
866.8;0.86991
867.09;0.86155
867.38;0.85837
867.67;0.86259
867.96;0.86695
868.25;0.8676
868.54;0.86588
868.83;0.86367
869.12;0.86243
869.42;0.86232
869.71;0.86357
870;0.86589
870.29;0.8652
870.58;0.86081
870.88;0.85838
871.17;0.85965
871.46;0.86112
871.75;0.86169
872.05;0.86419
872.34;0.86825
872.63;0.87111
872.93;0.87197
873.22;0.87128
873.52;0.87141
873.81;0.87174
874.11;0.86883
874.4;0.86534
874.7;0.86562
874.99;0.86898
875.29;0.87313
875.58;0.87619
875.88;0.87513
876.17;0.87031
876.47;0.86947
876.77;0.87277
877.06;0.87073
877.36;0.86439
877.66;0.86278
877.95;0.86504
878.25;0.86654
878.55;0.86853
878.85;0.87147
879.14;0.8718
879.44;0.86874
879.74;0.86519
880.04;0.86413
880.34;0.86702
880.64;0.87271
880.94;0.87737
881.24;0.87876
881.54;0.87849
881.84;0.87806
882.14;0.87718
882.44;0.87595
882.74;0.87473
883.04;0.87478
883.34;0.87708
883.64;0.8791
883.94;0.87776
884.24;0.87485
884.54;0.87333
884.85;0.87385
885.15;0.87566
885.45;0.87725
885.75;0.87825
886.06;0.87899
886.36;0.87853
886.66;0.87621
886.96;0.87427
887.27;0.87647
887.57;0.8813
887.88;0.88253
888.18;0.88002
888.48;0.87952
888.79;0.88306
889.09;0.88863
889.4;0.89126
889.7;0.88774
890.01;0.88352
890.32;0.88288
890.62;0.8838
890.93;0.88524
891.23;0.88559
891.54;0.88431
891.85;0.88338
892.15;0.88348
892.46;0.88485
892.77;0.88532
893.08;0.88347
893.38;0.88279
893.69;0.8837
894;0.884
894.31;0.88394
894.62;0.88352
894.93;0.884
895.23;0.88628
895.54;0.88708
895.85;0.88636
896.16;0.88819
896.47;0.89084
896.78;0.89053
897.09;0.88913
897.4;0.88979
897.71;0.89015
898.02;0.88699
898.34;0.88434
898.65;0.88636
898.96;0.89022
899.27;0.89086
899.58;0.8876
899.9;0.88418
900.21;0.88396
900.52;0.88732
900.83;0.89179
901.15;0.89471
901.46;0.89671
901.77;0.89748
902.09;0.89561
902.4;0.89286
902.72;0.89196
903.03;0.89325
903.34;0.89384
903.66;0.89261
903.97;0.89104
904.29;0.89013
904.6;0.89093
904.92;0.89338
905.24;0.89479
905.55;0.89537
905.87;0.89778
906.19;0.9014
906.5;0.90334
906.82;0.90114
907.14;0.89627
907.45;0.89531
907.77;0.90056
908.09;0.90636
908.41;0.90755
908.73;0.90489
909.05;0.90213
909.36;0.9001
909.68;0.89766
910;0.89676
910.32;0.89903
910.64;0.90194
910.96;0.90263
911.28;0.90154
911.6;0.90073
911.92;0.90149
912.24;0.90244
912.57;0.90282
912.89;0.90363
913.21;0.90433
913.53;0.90379
913.85;0.90244
914.17;0.90024
914.5;0.89754
914.82;0.89656
915.14;0.89751
915.47;0.89822
915.79;0.89809
916.11;0.89822
916.44;0.89962
916.76;0.9013
917.08;0.90116
917.41;0.90055
917.73;0.90244
918.06;0.90482
918.38;0.90316
918.71;0.89827
919.04;0.89466
919.36;0.89372
919.69;0.89507
920.01;0.89891
920.34;0.90308
920.67;0.90482
920.99;0.90468
921.32;0.90372
921.65;0.90233
921.98;0.90198
922.3;0.90339
922.63;0.90541
922.96;0.90666
923.29;0.9067
923.62;0.90589
923.95;0.90447
924.28;0.90253
924.61;0.90124
924.94;0.90213
925.27;0.90403
925.6;0.90449
925.93;0.90281
926.26;0.89987
926.59;0.89817
926.92;0.89838
927.25;0.89807
927.58;0.89703
927.92;0.89739
928.25;0.89957
928.58;0.9017
928.91;0.90237
929.25;0.90277
929.58;0.90419
929.91;0.90582
930.25;0.90573
930.58;0.9037
930.91;0.90253
931.25;0.90358
931.58;0.90395
931.92;0.90185
932.25;0.90046
932.59;0.9017
932.92;0.90328
933.26;0.90372
933.6;0.90436
933.93;0.9056
934.27;0.9055
934.61;0.90392
934.94;0.90337
935.28;0.90446
935.62;0.90618
935.96;0.90816
936.29;0.90943
936.63;0.90859
936.97;0.90629
937.31;0.90405
937.65;0.90303
937.99;0.9044
938.33;0.90677
938.67;0.90726
939.01;0.90585
939.35;0.90417
939.69;0.90369
940.03;0.90534
940.37;0.90696
940.71;0.90579
941.05;0.90405
941.39;0.9055
941.74;0.90886
942.08;0.91035
942.42;0.90984
942.76;0.90942
943.11;0.91008
943.45;0.91056
943.79;0.90907
944.14;0.90723
944.48;0.90755
944.82;0.90921
945.17;0.91085
945.51;0.9125
945.86;0.91299
946.2;0.91114
946.55;0.90956
946.89;0.90932
947.24;0.90832
947.59;0.90812
947.93;0.91053
948.28;0.91326
948.63;0.91384
948.97;0.91196
949.32;0.91014
949.67;0.91033
950.02;0.91159
950.37;0.91326
950.71;0.91464
951.06;0.9137
951.41;0.91099
951.76;0.91018
952.11;0.91193
952.46;0.91309
952.81;0.91224
953.16;0.9108
953.51;0.91079
953.86;0.91285
954.21;0.91553
954.56;0.91767
954.92;0.91874
955.27;0.91758
955.62;0.916
955.97;0.9171
956.33;0.91908
956.68;0.9189
957.03;0.91781
957.38;0.91759
957.74;0.91773
958.09;0.91792
958.45;0.91859
958.8;0.91916
959.16;0.91855
959.51;0.91835
959.87;0.92008
960.22;0.92084
960.58;0.91865
960.93;0.91716
961.29;0.91869
961.65;0.92089
962;0.92201
962.36;0.92232
962.72;0.9219
963.07;0.92079
963.43;0.91923
963.79;0.91849
964.15;0.9193
964.51;0.92024
964.87;0.92118
965.23;0.92235
965.59;0.92267
965.95;0.92222
966.31;0.92155
966.67;0.92078
967.03;0.92028
967.39;0.92049
967.75;0.92146
968.11;0.92232
968.47;0.9234
968.83;0.92538
969.2;0.92618
969.56;0.92467
969.92;0.92264
970.28;0.92164
970.65;0.922
971.01;0.9231
971.37;0.92425
971.74;0.92509
972.1;0.9254
972.47;0.92567
972.83;0.92583
973.2;0.92507
973.56;0.92465
973.93;0.92561
974.29;0.92584
974.66;0.92497
975.03;0.92522
975.39;0.92681
975.76;0.92853
976.13;0.92929
976.5;0.92874
976.86;0.92807
977.23;0.92858
977.6;0.92984
977.97;0.93009
978.34;0.92925
978.71;0.92908
979.08;0.93007
979.45;0.93082
979.82;0.93023
980.19;0.92925
980.56;0.92929
980.93;0.93033
981.3;0.93156
981.67;0.93225
982.04;0.93242
982.42;0.93223
982.79;0.93125
983.16;0.93023
983.53;0.93056
983.91;0.93195
984.28;0.9333
984.66;0.9333
985.03;0.93209
985.4;0.93205
985.78;0.93325
986.15;0.93323
986.53;0.93257
986.9;0.93354
987.28;0.9357
987.66;0.93781
988.03;0.9391
988.41;0.93877
988.79;0.93767
989.16;0.93728
989.54;0.93747
989.92;0.93775
990.3;0.93826
990.68;0.93839
991.05;0.93724
991.43;0.93643
991.81;0.93755
992.19;0.93914
992.57;0.94014
992.95;0.94097
993.33;0.94177
993.71;0.94229
994.09;0.94189
994.48;0.9408
994.86;0.94033
995.24;0.94079
995.62;0.94139
996;0.94163
996.39;0.94184
996.77;0.94233
997.15;0.94314
997.54;0.94376
997.92;0.94309
998.3;0.94158
998.69;0.9413
999.07;0.94218
999.46;0.94262
999.84;0.94301
1000.2;0.94417
1000.6;0.945
1001;0.94462
1001.4;0.94446
1001.8;0.94558
1002.2;0.94693
1002.6;0.94774
1002.9;0.94804
1003.3;0.94748
1003.7;0.94669
1004.1;0.94727
1004.5;0.94863
1004.9;0.9491
1005.3;0.94902
1005.7;0.94914
1006.1;0.94924
1006.4;0.9499
1006.8;0.95136
1007.2;0.95168
1007.6;0.95044
1008;0.94955
1008.4;0.94971
1008.8;0.95055
1009.2;0.95179
1009.6;0.95272
1010;0.95256
1010.4;0.95225
1010.8;0.95291
1011.2;0.95351
1011.5;0.95356
1011.9;0.9537
1012.3;0.95364
1012.7;0.95344
1013.1;0.95363
1013.5;0.95471
1013.9;0.95663
1014.3;0.95785
1014.7;0.95754
1015.1;0.9567
1015.5;0.95629
1015.9;0.95665
1016.3;0.95745
1016.7;0.95794
1017.1;0.95779
1017.5;0.95725
1017.9;0.9572
1018.3;0.95823
1018.7;0.95996
1019.1;0.96124
1019.5;0.96123
1019.9;0.9608
1020.3;0.96049
1020.7;0.96009
1021.1;0.96019
1021.5;0.96131
1021.9;0.96283
1022.3;0.96354
1022.7;0.96303
1023.1;0.96236
1023.5;0.96225
1023.9;0.96197
1024.3;0.96188
1024.7;0.96303
1025.1;0.96441
1025.6;0.96514
1026;0.96537
1026.4;0.96493
1026.8;0.96431
1027.2;0.96418
1027.6;0.96471
1028;0.96626
1028.4;0.96817
1028.8;0.96885
1029.2;0.96838
1029.6;0.96777
1030;0.96676
1030.4;0.96543
1030.9;0.96486
1031.3;0.96528
1031.7;0.96595
1032.1;0.96615
1032.5;0.96603
1032.9;0.96645
1033.3;0.96747
1033.7;0.96836
1034.1;0.96863
1034.6;0.96827
1035;0.96804
1035.4;0.96809
1035.8;0.96782
1036.2;0.9679
1036.6;0.96883
1037;0.96985
1037.5;0.97026
1037.9;0.96999
1038.3;0.96944
1038.7;0.96885
1039.1;0.96838
1039.5;0.96846
1040;0.969
1040.4;0.96937
1040.8;0.96963
1041.2;0.97023
1041.6;0.97061
1042;0.97018
1042.5;0.96996
1042.9;0.97099
1043.3;0.97254
1043.7;0.97317
1044.1;0.97259
1044.6;0.97207
1045;0.97259
1045.4;0.9733
1045.8;0.97289
1046.2;0.9719
1046.7;0.97165
1047.1;0.97241
1047.5;0.97401
1047.9;0.97555
1048.4;0.97586
1048.8;0.97503
1049.2;0.97375
1049.6;0.97337
1050.1;0.97496
1050.5;0.977
1050.9;0.97771
1051.3;0.97766
1051.8;0.97747
1052.2;0.97677
1052.6;0.97594
1053;0.97564
1053.5;0.97569
1053.9;0.97612
1054.3;0.97708
1054.8;0.97806
1055.2;0.97859
1055.6;0.97896
1056;0.97907
1056.5;0.97862
1056.9;0.97829
1057.3;0.97875
1057.8;0.97921
1058.2;0.979
1058.6;0.97855
1059.1;0.97827
1059.5;0.97821
1059.9;0.97871
1060.4;0.97973
1060.8;0.98067
1061.2;0.98089
1061.7;0.98043
1062.1;0.98021
1062.5;0.98054
1063;0.98116
1063.4;0.98197
1063.8;0.98266
1064.3;0.98293
1064.7;0.98276
1065.2;0.9827
1065.6;0.98334
1066;0.98407
1066.5;0.98455
1066.9;0.9854
1067.4;0.98626
1067.8;0.9866
1068.2;0.98705
1068.7;0.98772
1069.1;0.98817
1069.6;0.98831
1070;0.98817
1070.4;0.98819
1070.9;0.98865
1071.3;0.98949
1071.8;0.99077
1072.2;0.99203
1072.7;0.99259
1073.1;0.9931
1073.5;0.9944
1074;0.99572
1074.4;0.99621
1074.9;0.99634
1075.3;0.99703
1075.8;0.99826
1076.2;0.99885
1076.7;0.99855
1077.1;0.99859
1077.6;0.99941
1078;1
1078.5;1.0003
1078.9;1.0012
1079.3;1.0025
1079.8;1.0035
1080.2;1.0042
1080.7;1.0046
1081.2;1.0046
1081.6;1.0047
1082.1;1.0055
1082.5;1.0066
1083;1.0073
1083.4;1.0073
1083.9;1.0076
1084.3;1.0083
1084.8;1.0091
1085.2;1.0095
1085.7;1.0096
1086.1;1.0098
1086.6;1.0098
1087;1.0097
1087.5;1.0098
1088;1.0097
1088.4;1.0093
1088.9;1.0089
1089.3;1.0088
1089.8;1.0091
1090.2;1.0093
1090.7;1.0091
1091.2;1.0092
1091.6;1.0097
1092.1;1.0104
1092.5;1.0107
1093;1.01
1093.5;1.0091
1093.9;1.0084
1094.4;1.0083
1094.8;1.009
1095.3;1.0097
1095.8;1.0097
1096.2;1.0097
1096.7;1.0094
1097.2;1.0086
1097.6;1.0085
1098.1;1.0093
1098.6;1.0099
1099;1.0096
1099.5;1.0095
1100;1.0094
1100.4;1.0088
1100.9;1.0082
1101.4;1.0083
1101.8;1.0088
1102.3;1.009
1102.8;1.0085
1103.2;1.0076
1103.7;1.007
1104.2;1.0065
1104.6;1.0069
1105.1;1.0079
1105.6;1.008
1106.1;1.0069
1106.5;1.006
1107;1.0064
1107.5;1.0071
1107.9;1.0072
1108.4;1.0069
1108.9;1.0067
1109.4;1.0069
1109.8;1.0073
1110.3;1.0073
1110.8;1.0067
1111.3;1.0064
1111.7;1.0064
1112.2;1.0064
1112.7;1.0062
1113.2;1.006
1113.7;1.006
1114.1;1.0063
1114.6;1.0068
1115.1;1.0071
1115.6;1.0072
1116.1;1.0071
1116.5;1.007
1117;1.007
1117.5;1.0074
1118;1.0077
1118.5;1.0081
1118.9;1.0087
1119.4;1.0088
1119.9;1.0086
1120.4;1.0087
1120.9;1.0091
1121.4;1.0093
1121.9;1.0097
1122.3;1.0105
1122.8;1.0111
1123.3;1.0114
1123.8;1.0119
1124.3;1.0129
1124.8;1.0146
1125.3;1.0163
1125.7;1.0179
1126.2;1.0195
1126.7;1.0202
1127.2;1.0207
1127.7;1.0219
1128.2;1.0232
1128.7;1.0236
1129.2;1.0237
1129.7;1.0239
1130.2;1.0237
1130.7;1.0233
1131.2;1.0232
1131.6;1.0235
1132.1;1.0238
1132.6;1.0243
1133.1;1.0247
1133.6;1.0251
1134.1;1.0255
1134.6;1.0257
1135.1;1.0258
1135.6;1.0257
1136.1;1.0258
1136.6;1.0266
1137.1;1.0277
1137.6;1.0284
1138.1;1.0288
1138.6;1.0292
1139.1;1.0297
1139.6;1.0304
1140.1;1.0315
1140.6;1.0324
1141.1;1.0327
1141.6;1.0328
1142.1;1.0337
1142.6;1.0351
1143.1;1.0368
1143.6;1.0383
1144.1;1.0396
1144.6;1.0406
1145.1;1.0414
1145.6;1.0424
1146.2;1.0438
1146.7;1.0462
1147.2;1.0491
1147.7;1.0513
1148.2;1.0532
1148.7;1.0551
1149.2;1.055
1149.7;1.0528
1150.2;1.0511
1150.7;1.0525
1151.2;1.0566
1151.8;1.0594
1152.3;1.06
1152.8;1.0605
1153.3;1.0612
1153.8;1.0615
1154.3;1.0617
1154.8;1.0618
1155.3;1.0618
1155.9;1.0618
1156.4;1.062
1156.9;1.0626
1157.4;1.0637
1157.9;1.065
1158.4;1.0659
1159;1.0664
1159.5;1.0672
1160;1.0685
1160.5;1.0699
1161;1.0714
1161.6;1.0731
1162.1;1.0754
1162.6;1.0776
1163.1;1.0798
1163.6;1.0826
1164.2;1.0858
1164.7;1.0888
1165.2;1.0914
1165.7;1.094
1166.3;1.097
1166.8;1.1004
1167.3;1.1034
1167.8;1.1058
1168.4;1.1083
1168.9;1.1108
1169.4;1.1132
1169.9;1.1155
1170.5;1.1177
1171;1.1195
1171.5;1.1208
1172.1;1.1223
1172.6;1.124
1173.1;1.1254
1173.7;1.1262
1174.2;1.1268
1174.7;1.1274
1175.2;1.1281
1175.8;1.1287
1176.3;1.1289
1176.8;1.1288
1177.4;1.1287
1177.9;1.1289
1178.5;1.1291
1179;1.1286
1179.5;1.1275
1180.1;1.1262
1180.6;1.1251
1181.1;1.1242
1181.7;1.1238
1182.2;1.1237
1182.8;1.1235
1183.3;1.1231
1183.8;1.123
1184.4;1.1229
1184.9;1.1227
1185.5;1.122
1186;1.1211
1186.5;1.1202
1187.1;1.1192
1187.6;1.1179
1188.2;1.1166
1188.7;1.1158
1189.3;1.1152
1189.8;1.1144
1190.4;1.1133
1190.9;1.1123
1191.5;1.1112
1192;1.1099
1192.5;1.1085
1193.1;1.1074
1193.6;1.1065
1194.2;1.1056
1194.7;1.1047
1195.3;1.1042
1195.8;1.1036
1196.4;1.1026
1197;1.1016
1197.5;1.1005
1198.1;1.0992
1198.6;1.0983
1199.2;1.0975
1199.7;1.0964
1200.3;1.095
1200.8;1.0937
1201.4;1.0927
1201.9;1.0921
1202.5;1.0915
1203.1;1.0906
1203.6;1.0898
1204.2;1.0889
1204.7;1.0882
1205.3;1.0878
1205.9;1.0871
1206.4;1.086
1207;1.0848
1207.5;1.0839
1208.1;1.0832
1208.7;1.0825
1209.2;1.0818
1209.8;1.081
1210.4;1.0803
1210.9;1.0797
1211.5;1.079
1212.1;1.0783
1212.6;1.0775
1213.2;1.0764
1213.8;1.0754
1214.3;1.0751
1214.9;1.0752
1215.5;1.0749
1216;1.0741
1216.6;1.0733
1217.2;1.0728
1217.8;1.0723
1218.3;1.0719
1218.9;1.0719
1219.5;1.0719
1220;1.0716
1220.6;1.0711
1221.2;1.0705
1221.8;1.0697
1222.3;1.069
1222.9;1.0686
1223.5;1.0686
1224.1;1.0683
1224.7;1.0678
1225.2;1.0674
1225.8;1.0668
1226.4;1.066
1227;1.0656
1227.6;1.0658
1228.1;1.0659
1228.7;1.0655
1229.3;1.065
1229.9;1.0644
1230.5;1.064
1231.1;1.064
1231.6;1.064
1232.2;1.0635
1232.8;1.0633
1233.4;1.0634
1234;1.0634
1234.6;1.063
1235.2;1.0627
1235.7;1.0625
1236.3;1.0623
1236.9;1.0622
1237.5;1.062
1238.1;1.0618
1238.7;1.0616
1239.3;1.0616
1239.9;1.0616
1240.5;1.0615
1241.1;1.0614
1241.7;1.0614
1242.3;1.0613
1242.9;1.0612
1243.5;1.0609
1244;1.0611
1244.6;1.0615
1245.2;1.0616
1245.8;1.0613
1246.4;1.061
1247;1.061
1247.6;1.0609
1248.2;1.0608
1248.8;1.0609
1249.4;1.0609
1250;1.0606
1250.7;1.0606
1251.3;1.0606
1251.9;1.0604
1252.5;1.0604
1253.1;1.0606
1253.7;1.0607
1254.3;1.0607
1254.9;1.061
1255.5;1.0615
1256.1;1.0617
1256.7;1.0615
1257.3;1.0612
1257.9;1.0611
1258.5;1.0612
1259.2;1.0613
1259.8;1.0614
1260.4;1.0613
1261;1.061
1261.6;1.0608
1262.2;1.0607
1262.8;1.061
1263.4;1.0615
1264.1;1.0619
1264.7;1.0623
1265.3;1.0625
1265.9;1.0625
1266.5;1.0625
1267.2;1.0626
1267.8;1.0626
1268.4;1.0627
1269;1.0631
1269.6;1.0637
1270.3;1.0641
1270.9;1.064
1271.5;1.0639
1272.1;1.0641
1272.8;1.0644
1273.4;1.0644
1274;1.0642
1274.6;1.0644
1275.3;1.0649
1275.9;1.0653
1276.5;1.0652
1277.1;1.0651
1277.8;1.0652
1278.4;1.0655
1279;1.0657
1279.7;1.0657
1280.3;1.0657
1280.9;1.066
1281.6;1.0663
1282.2;1.0667
1282.8;1.067
1283.5;1.0673
1284.1;1.0675
1284.7;1.0678
1285.4;1.068
1286;1.0683
1286.6;1.0687
1287.3;1.069
1287.9;1.0689
1288.6;1.0688
1289.2;1.0689
1289.8;1.0693
1290.5;1.0697
1291.1;1.0697
1291.8;1.0694
1292.4;1.0694
1293.1;1.0698
1293.7;1.0703
1294.4;1.0707
1295;1.0709
1295.7;1.071
1296.3;1.0714
1296.9;1.0719
1297.6;1.0721
1298.2;1.0719
1298.9;1.0717
1299.5;1.0719
1300.2;1.0724
1300.9;1.0726
1301.5;1.0727
1302.2;1.073
1302.8;1.0734
1303.5;1.0735
1304.1;1.0736
1304.8;1.0739
1305.4;1.0744
1306.1;1.0746
1306.8;1.0748
1307.4;1.075
1308.1;1.0752
1308.7;1.0754
1309.4;1.0756
1310.1;1.0761
1310.7;1.0767
1311.4;1.0771
1312;1.0775
1312.7;1.0779
1313.4;1.0783
1314;1.0787
1314.7;1.0789
1315.4;1.0792
1316;1.0796
1316.7;1.0799
1317.4;1.08
1318;1.0801
1318.7;1.0806
1319.4;1.0812
1320.1;1.0818
1320.7;1.0823
1321.4;1.0827
1322.1;1.0831
1322.8;1.0835
1323.4;1.0839
1324.1;1.0845
1324.8;1.0851
1325.5;1.0856
1326.1;1.0861
1326.8;1.0868
1327.5;1.0876
1328.2;1.0884
1328.9;1.0892
1329.5;1.0899
1330.2;1.0906
1330.9;1.0914
1331.6;1.0925
1332.3;1.0938
1333;1.0951
1333.6;1.0964
1334.3;1.0977
1335;1.0988
1335.7;1.1001
1336.4;1.1018
1337.1;1.1038
1337.8;1.106
1338.5;1.1082
1339.2;1.1103
1339.8;1.1124
1340.5;1.1147
1341.2;1.1171
1341.9;1.1197
1342.6;1.1225
1343.3;1.1255
1344;1.1288
1344.7;1.1324
1345.4;1.1363
1346.1;1.1404
1346.8;1.1448
1347.5;1.1495
1348.2;1.1543
1348.9;1.1589
1349.6;1.1633
1350.3;1.1674
1351;1.1712
1351.7;1.1741
1352.4;1.1761
1353.1;1.1775
1353.8;1.1787
1354.5;1.1797
1355.3;1.1802
1356;1.1802
1356.7;1.1802
1357.4;1.1803
1358.1;1.1802
1358.8;1.1799
1359.5;1.1795
1360.2;1.1795
1360.9;1.1795
1361.7;1.1793
1362.4;1.1791
1363.1;1.179
1363.8;1.1791
1364.5;1.1791
1365.2;1.1791
1366;1.1794
1366.7;1.1803
1367.4;1.1815
1368.1;1.183
1368.8;1.1848
1369.6;1.1869
1370.3;1.1887
1371;1.1901
1371.7;1.1912
1372.5;1.1921
1373.2;1.1929
1373.9;1.1934
1374.7;1.1938
1375.4;1.1941
1376.1;1.1944
1376.8;1.1948
1377.6;1.1952
1378.3;1.1958
1379;1.1962
1379.8;1.1964
1380.5;1.1965
1381.2;1.1967
1382;1.1972
1382.7;1.198
1383.5;1.1985
1384.2;1.1989
1384.9;1.1996
1385.7;1.201
1386.4;1.2026
1387.2;1.2044
1387.9;1.2062
1388.6;1.2078
1389.4;1.2087
1390.1;1.2092
1390.9;1.2094
1391.6;1.2091
1392.4;1.2089
1393.1;1.2092
1393.9;1.2102
1394.6;1.2114
1395.4;1.213
1396.1;1.2147
1396.9;1.2163
1397.6;1.2178
1398.4;1.2195
1399.1;1.2213
1399.9;1.223
1400.6;1.2245
1401.4;1.226
1402.2;1.2272
1402.9;1.2281
1403.7;1.2284
1404.4;1.2276
1405.2;1.2259
1406;1.2237
1406.7;1.2214
1407.5;1.2194
1408.3;1.2179
1409;1.2168
1409.8;1.2161
1410.6;1.2157
1411.3;1.2154
1412.1;1.2151
1412.9;1.2149
1413.6;1.2147
1414.4;1.2143
1415.2;1.2138
1415.9;1.2134
1416.7;1.2132
1417.5;1.213
1418.3;1.2128
1419;1.2128
1419.8;1.2131
1420.6;1.2137
1421.4;1.2147
1422.2;1.2158
1422.9;1.2169
1423.7;1.2178
1424.5;1.2184
1425.3;1.2184
1426.1;1.2176
1426.9;1.2164
1427.6;1.2148
1428.4;1.2128
1429.2;1.2109
1430;1.2093
1430.8;1.208
1431.6;1.2068
1432.4;1.2058
1433.2;1.2048
1434;1.204
1434.8;1.2031
1435.5;1.2023
1436.3;1.2016
1437.1;1.2011
1437.9;1.2005
1438.7;1.1999
1439.5;1.1993
1440.3;1.1989
1441.1;1.1983
1441.9;1.1977
1442.7;1.1971
1443.5;1.1967
1444.3;1.1961
1445.1;1.1957
1446;1.1953
1446.8;1.1949
1447.6;1.1945
1448.4;1.1942
1449.2;1.1938
1450;1.1935
1450.8;1.1933
1451.6;1.1931
1452.4;1.1929
1453.2;1.1925
1454.1;1.1922
1454.9;1.1919
1455.7;1.1917
1456.5;1.1916
1457.3;1.1916
1458.2;1.1914
1459;1.1911
1459.8;1.1909
1460.6;1.1907
1461.4;1.1904
1462.3;1.1897
1463.1;1.1891
1463.9;1.1885
1464.7;1.188
1465.6;1.1874
1466.4;1.1871
1467.2;1.1869
1468.1;1.1866
1468.9;1.1861
1469.7;1.1858
1470.6;1.1857
1471.4;1.1857
1472.2;1.1859
1473.1;1.1859
1473.9;1.1856
1474.7;1.1852
1475.6;1.185
1476.4;1.1848
1477.3;1.1848
1478.1;1.1845
1478.9;1.184
1479.8;1.1835
1480.6;1.183
1481.5;1.1825
1482.3;1.1819
1483.2;1.1815
1484;1.1808
1484.9;1.18
1485.7;1.1792
1486.6;1.1786
1487.4;1.1782
1488.3;1.1776
1489.1;1.177
1490;1.1766
1490.9;1.1764
1491.7;1.176
1492.6;1.1757
1493.4;1.1755
1494.3;1.1752
1495.2;1.1749
1496;1.1747
1496.9;1.1746
1497.7;1.1745
1498.6;1.1743
1499.5;1.174
1500.3;1.1738
1501.2;1.1736
1502.1;1.1734
1503;1.173
1503.8;1.1725
1504.7;1.1722
1505.6;1.1721
1506.4;1.1721
1507.3;1.1718
1508.2;1.1716
1509.1;1.1715
1510;1.1714
1510.8;1.1712
1511.7;1.1709
1512.6;1.1706
1513.5;1.1703
1514.4;1.1702
1515.3;1.1702
1516.1;1.1702
1517;1.1701
1517.9;1.17
1518.8;1.17
1519.7;1.17
1520.6;1.1701
1521.5;1.1701
1522.4;1.1701
1523.3;1.1704
1524.2;1.1707
1525.1;1.1708
1526;1.1708
1526.9;1.1709
1527.8;1.1712
1528.7;1.1715
1529.6;1.1718
1530.5;1.1721
1531.4;1.1723
1532.3;1.1724
1533.2;1.1724
1534.1;1.1724
1535;1.1726
1535.9;1.1729
1536.8;1.1732
1537.7;1.1734
1538.6;1.1736
1539.5;1.1739
1540.5;1.1741
1541.4;1.1744
1542.3;1.1746
1543.2;1.1749
1544.1;1.1754
1545.1;1.176
1546;1.1763
1546.9;1.1767
1547.8;1.1773
1548.7;1.1781
1549.7;1.1786
1550.6;1.1791
1551.5;1.1799
1552.5;1.1808
1553.4;1.1818
1554.3;1.1826
1555.2;1.1832
1556.2;1.1839
1557.1;1.1844
1558.1;1.1849
1559;1.1853
1559.9;1.1856
1560.9;1.1858
1561.8;1.1861
1562.7;1.1864
1563.7;1.1866
1564.6;1.1867
1565.6;1.1869
1566.5;1.1871
1567.5;1.1872
1568.4;1.1872
1569.4;1.1875
1570.3;1.1879
1571.3;1.1884
1572.2;1.1887
1573.2;1.1891
1574.1;1.1895
1575.1;1.1898
1576;1.1899
1577;1.1898
1578;1.19
1578.9;1.1905
1579.9;1.191
1580.9;1.1912
1581.8;1.1913
1582.8;1.1916
1583.7;1.1923
1584.7;1.193
1585.7;1.1936
1586.7;1.1939
1587.6;1.1944
1588.6;1.1949
1589.6;1.1951
1590.6;1.1952
1591.5;1.1955
1592.5;1.1959
1593.5;1.1963
1594.5;1.1968
1595.4;1.1972
1596.4;1.1975
1597.4;1.1979
1598.4;1.1984
1599.4;1.1988
1600.4;1.1994
1601.4;1.2001
1602.3;1.2006
1603.3;1.2011
1604.3;1.2018
1605.3;1.2025
1606.3;1.203
1607.3;1.2035
1608.3;1.2042
1609.3;1.2049
1610.3;1.2057
1611.3;1.2064
1612.3;1.2071
1613.3;1.2078
1614.3;1.2086
1615.3;1.2093
1616.3;1.2099
1617.3;1.2107
1618.4;1.2117
1619.4;1.2127
1620.4;1.2138
1621.4;1.2148
1622.4;1.2158
1623.4;1.2167
1624.4;1.2177
1625.5;1.2188
1626.5;1.2197
1627.5;1.2205
1628.5;1.2214
1629.5;1.2225
1630.6;1.2237
1631.6;1.225
1632.6;1.2265
1633.6;1.2281
1634.7;1.2297
1635.7;1.2313
1636.7;1.2328
1637.8;1.2346
1638.8;1.2365
1639.8;1.2383
1640.9;1.2404
1641.9;1.2427
1643;1.2454
1644;1.2485
1645;1.2518
1646.1;1.2553
1647.1;1.259
1648.2;1.2627
1649.2;1.2666
1650.3;1.2708
1651.3;1.2752
1652.4;1.2799
1653.4;1.285
1654.5;1.2905
1655.6;1.2965
1656.6;1.3031
1657.7;1.3101
1658.7;1.3179
1659.8;1.327
1660.9;1.3377
1661.9;1.3502
1663;1.365
1664.1;1.3828
1665.1;1.4048
1666.2;1.4315
1667.3;1.4635
1668.3;1.5019
1669.4;1.5469
1670.5;1.5974
1671.6;1.6496
1672.6;1.6979
1673.7;1.7354
1674.8;1.7577
1675.9;1.7645
1677;1.7594
1678.1;1.7471
1679.1;1.7316
1680.2;1.7155
1681.3;1.7007
1682.4;1.6881
1683.5;1.6776
1684.6;1.6698
1685.7;1.6647
1686.8;1.661
1687.9;1.657
1689;1.6527
1690.1;1.6483
1691.2;1.6433
1692.3;1.6376
1693.4;1.6319
1694.5;1.627
1695.6;1.6231
1696.7;1.6199
1697.8;1.6178
1699;1.6175
1700.1;1.6192
1701.2;1.6231
1702.3;1.6299
1703.4;1.6401
1704.5;1.6535
1705.7;1.67
1706.8;1.6883
1707.9;1.706
1709;1.7206
1710.2;1.73
1711.3;1.7334
1712.4;1.731
1713.5;1.7241
1714.7;1.7154
1715.8;1.707
1717;1.6994
1718.1;1.6922
1719.2;1.686
1720.4;1.6808
1721.5;1.676
1722.7;1.6711
1723.8;1.6656
1724.9;1.6596
1726.1;1.6537
1727.2;1.6487
1728.4;1.6453
1729.6;1.6433
1730.7;1.6423
1731.9;1.6423
1733;1.6441
1734.2;1.6485
1735.3;1.6568
1736.5;1.6695
1737.7;1.6845
1738.8;1.6969
1740;1.7012
1741.2;1.6958
1742.3;1.6837
1743.5;1.6696
1744.7;1.6561
1745.9;1.6447
1747;1.6359
1748.2;1.629
1749.4;1.6231
1750.6;1.6177
1751.8;1.6124
1752.9;1.6062
1754.1;1.5994
1755.3;1.5929
1756.5;1.5869
1757.7;1.5818
1758.9;1.5782
1760.1;1.5761
1761.3;1.5752
1762.5;1.5754
1763.7;1.5768
1764.9;1.5787
1766.1;1.5799
1767.3;1.5793
1768.5;1.5766
1769.7;1.5725
1770.9;1.5681
1772.1;1.5643
1773.3;1.5612
1774.5;1.559
1775.8;1.5574
1777;1.5559
1778.2;1.5541
1779.4;1.5528
1780.6;1.5522
1781.9;1.5519
1783.1;1.5516
1784.3;1.5515
1785.5;1.5517
1786.8;1.5522
1788;1.5529
1789.2;1.554
1790.5;1.5551
1791.7;1.5564
1792.9;1.558
1794.2;1.5594
1795.4;1.5603
1796.7;1.5606
1797.9;1.5601
1799.2;1.5588
1800.4;1.5567
1801.7;1.5537
1802.9;1.5504
1804.2;1.5471
1805.4;1.5439
1806.7;1.5408
1807.9;1.538
1809.2;1.5354
1810.5;1.5331
1811.7;1.531
1813;1.5293
1814.3;1.5283
1815.5;1.5277
1816.8;1.5269
1818.1;1.5258
1819.4;1.5246
1820.6;1.5235
1821.9;1.5229
1823.2;1.5227
1824.5;1.5227
1825.8;1.5233
1827.1;1.5244
1828.3;1.525
1829.6;1.525
1830.9;1.5243
1832.2;1.5234
1833.5;1.522
1834.8;1.5197
1836.1;1.5172
1837.4;1.5151
1838.7;1.5134
1840;1.5125
1841.3;1.5125
1842.6;1.5131
1844;1.5142
1845.3;1.5157
1846.6;1.5175
1847.9;1.5197
1849.2;1.5222
1850.5;1.5247
1851.9;1.5269
1853.2;1.5292
1854.5;1.5317
1855.8;1.5343
1857.2;1.5361
1858.5;1.537
1859.8;1.537
1861.2;1.5361
1862.5;1.5348
1863.8;1.5336
1865.2;1.5325
1866.5;1.5311
1867.9;1.5296
1869.2;1.5284
1870.6;1.5276
1871.9;1.5274
1873.3;1.5278
1874.6;1.5287
1876;1.5294
1877.3;1.5292
1878.7;1.5285
1880.1;1.5279
1881.4;1.5269
1882.8;1.5256
1884.2;1.5249
1885.5;1.5242
1886.9;1.5234
1888.3;1.5228
1889.6;1.5223
1891;1.5218
1892.4;1.5215
1893.8;1.5219
1895.2;1.5231
1896.6;1.5249
1897.9;1.527
1899.3;1.5294
1900.7;1.5324
1902.1;1.5358
1903.5;1.5391
1904.9;1.5424
1906.3;1.5455
1907.7;1.5479
1909.1;1.5491
1910.5;1.5492
1911.9;1.548
1913.4;1.5458
1914.8;1.5431
1916.2;1.5395
1917.6;1.5353
1919;1.5307
1920.4;1.5256
1921.9;1.5199
1923.3;1.514
1924.7;1.5084
1926.1;1.5032
1927.6;1.4984
1929;1.4939
1930.5;1.4903
1931.9;1.4875
1933.3;1.4851
1934.8;1.4826
1936.2;1.4801
1937.7;1.4777
1939.1;1.4755
1940.6;1.4734
1942;1.4715
1943.5;1.4698
1944.9;1.4681
1946.4;1.4666
1947.9;1.4655
1949.3;1.4647
1950.8;1.4638
1952.3;1.4631
1953.7;1.4624
1955.2;1.4621
1956.7;1.4621
1958.2;1.4622
1959.6;1.4623
1961.1;1.4625
1962.6;1.4628
1964.1;1.4633
1965.6;1.4638
1967.1;1.4645
1968.6;1.4655
1970.1;1.4669
1971.6;1.4684
1973.1;1.4697
1974.6;1.4705
1976.1;1.4708
1977.6;1.4715
1979.1;1.4731
1980.6;1.4749
1982.1;1.4766
1983.6;1.4786
1985.1;1.481
1986.7;1.4837
1988.2;1.4866
1989.7;1.4896
1991.2;1.4922
1992.8;1.494
1994.3;1.4954
1995.8;1.4967
1997.4;1.4979
1998.9;1.4989
2000.5;1.4996
2002;1.4998
2003.6;1.5001
2005.1;1.5008
2006.7;1.5017
2008.2;1.5025
2009.8;1.5033
2011.3;1.5044
2012.9;1.5059
2014.5;1.5073
2016;1.5089
2017.6;1.5109
2019.2;1.5132
2020.7;1.5156
2022.3;1.518
2023.9;1.5203
2025.5;1.5224
2027.1;1.5244
2028.6;1.5263
2030.2;1.5282
2031.8;1.5303
2033.4;1.5319
2035;1.533
2036.6;1.5338
2038.2;1.5347
2039.8;1.5354
2041.4;1.536
2043;1.5367
2044.6;1.5377
2046.2;1.5389
2047.9;1.5404
2049.5;1.5422
2051.1;1.5437
2052.7;1.545
2054.4;1.5462
2056;1.5475
2057.6;1.5487
2059.3;1.5499
2060.9;1.5511
2062.5;1.5524
2064.2;1.5537
2065.8;1.5546
2067.5;1.5547
2069.1;1.5533
2070.8;1.5507
2072.4;1.5469
2074.1;1.5424
2075.7;1.5378
2077.4;1.5336
2079.1;1.5298
2080.7;1.5264
2082.4;1.5229
2084.1;1.5197
2085.8;1.5172
2087.4;1.5153
2089.1;1.5134
2090.8;1.5114
2092.5;1.5097
2094.2;1.5086
2095.9;1.5081
2097.6;1.5082
2099.3;1.5084
2101;1.5085
2102.7;1.5082
2104.4;1.5077
2106.1;1.5071
2107.8;1.5064
2109.5;1.5058
2111.2;1.5058
2113;1.5057
2114.7;1.5055
2116.4;1.5058
2118.1;1.5069
2119.9;1.5087
2121.6;1.5109
2123.3;1.5131
2125.1;1.5154
2126.8;1.518
2128.6;1.5217
2130.3;1.5263
2132.1;1.5309
2133.8;1.5353
2135.6;1.5401
2137.3;1.5455
2139.1;1.5514
2140.9;1.5571
2142.6;1.5622
2144.4;1.5668
2146.2;1.5715
2148;1.5761
2149.7;1.5813
2151.5;1.5876
2153.3;1.5942
2155.1;1.6001
2156.9;1.6059
2158.7;1.6129
2160.5;1.621
2162.3;1.6291
2164.1;1.6374
2165.9;1.6463
2167.7;1.6559
2169.5;1.6661
2171.4;1.6769
2173.2;1.6885
2175;1.7009
2176.8;1.7137
2178.7;1.7266
2180.5;1.7405
2182.3;1.7565
2184.2;1.774
2186;1.7916
2187.8;1.8098
2189.7;1.8301
2191.5;1.8515
2193.4;1.8725
2195.3;1.8944
2197.1;1.9196
2199;1.9469
2200.8;1.9741
2202.7;2.001
2204.6;2.0272
2206.5;2.0537
2208.3;2.0848
2210.2;2.1228
2212.1;2.1673
2214;2.2184
2215.9;2.2752
2217.8;2.3371
2219.7;2.4076
2221.6;2.4851
2223.5;2.5675
2225.4;2.6566
2227.3;2.7412
2229.2;2.8084
2231.2;2.8594
2233.1;2.8899
2235;2.9045
2236.9;2.9318
2238.9;2.9828
2240.8;3.024
2242.7;3.0353
2244.7;3.0339
2246.6;3.0337
2248.6;3.0258
2250.5;2.9931
2252.5;2.962
2254.4;2.9439
2256.4;2.9362
2258.4;2.9189
2260.3;2.8873
2262.3;2.8624
2264.3;2.8582
2266.3;2.8668
2268.2;2.8653
2270.2;2.848
2272.2;2.8253
2274.2;2.8081
2276.2;2.7944
2278.2;2.7806
2280.2;2.762
2282.2;2.7441
2284.2;2.7285
2286.2;2.7038
2288.3;2.678
2290.3;2.6665
2292.3;2.6604
2294.3;2.649
2296.4;2.6305
2298.4;2.6105
2300.4;2.6054
2302.5;2.62
2304.5;2.6371
2306.6;2.6432
2308.6;2.6497
2310.7;2.6649
2312.8;2.6825
2314.8;2.7013
2316.9;2.7191
2319;2.7298
2321;2.74
2323.1;2.7434
2325.2;2.7351
2327.3;2.7215
2329.4;2.7003
2331.5;2.6789
2333.6;2.6858
2335.7;2.7048
2337.8;2.7075
2339.9;2.681
2342;2.6385
2344.1;2.5961
2346.2;2.565
2348.4;2.5562
2350.5;2.5663
2352.6;2.5766
2354.8;2.592
2356.9;2.6147
2359.1;2.6274
2361.2;2.6332
2363.4;2.6421
2365.5;2.6423
2367.7;2.6299
2369.8;2.6265
2372;2.6341
2374.2;2.6482
2376.4;2.6551
2378.5;2.6126
2380.7;2.5673
2382.9;2.5577
2385.1;2.5531
2387.3;2.556
2389.5;2.5897
2391.7;2.6223
2393.9;2.637
2396.1;2.6378
2398.3;2.6267
2400.6;2.592
2402.8;2.5637
2405;2.5428
2407.2;2.4889
2409.5;2.4419
2411.7;2.4244
2414;2.4337
2416.2;2.4589
2418.5;2.4621
2420.7;2.442
2423;2.436
2425.3;2.4336
2427.5;2.4439
2429.8;2.4773
2432.1;2.4714
2434.4;2.4309
2436.7;2.4325
2438.9;2.4638
2441.2;2.4646
2443.5;2.4242
2445.8;2.4053
2448.2;2.42
2450.5;2.3996
2452.8;2.3881
2455.1;2.3173
2457.4;2.3006
2459.8;2.3225
2462.1;2.3478
2464.4;2.3636
2466.8;2.3835
2469.1;2.4107
2471.5;2.4281
2473.9;2.3658
2476.2;2.2858
2478.6;2.1562
2481;2.0844
2483.3;2.1221
2485.7;2.0801
2488.1;2.129
2490.5;2.0046
2492.9;2.0374
2495.3;1.9999
2497.7;1.9105
2500.1;1.9334
