800.43;0.96208
800.68;0.9545
800.93;0.96282
801.17;0.98056
801.42;0.99529
801.67;0.99629
801.92;0.98929
802.17;0.99064
802.41;0.99828
802.66;1.0012
802.91;0.99879
803.16;0.99394
803.41;0.99258
803.66;0.99597
803.91;0.99787
804.16;0.99274
804.41;0.98246
804.65;0.97512
804.9;0.97147
805.15;0.97039
805.4;0.97747
805.66;0.99472
805.91;1.0122
806.16;1.0167
806.41;1.0069
806.66;0.99545
806.91;0.98712
807.16;0.98242
807.41;0.98459
807.66;0.99362
807.91;1.0025
808.17;1.0031
808.42;0.99665
808.67;0.99474
808.92;1.0005
809.18;1.0027
809.43;0.99593
809.68;0.99133
809.93;0.99603
810.19;1.0052
810.44;1.0143
810.69;1.019
810.95;1.0158
811.2;1.0121
811.45;1.0114
811.71;1.0096
811.96;1.0058
812.22;1.0028
812.47;1.0016
812.73;1.0045
812.98;1.0092
813.24;1.0119
813.49;1.0157
813.75;1.017
814;1.0097
814.26;1.0012
814.51;0.99476
814.77;0.98952
815.03;0.98741
815.28;0.99193
815.54;1.0009
815.8;1.0086
816.05;1.0138
816.31;1.0152
816.57;1.0085
816.82;1.0012
817.08;1.006
817.34;1.0184
817.6;1.0196
817.85;1.0093
818.11;1.0051
818.37;1.0108
818.63;1.014
818.89;1.0079
819.15;1.0033
819.41;1.0074
819.66;1.0092
819.92;1.0043
820.18;1.0026
820.44;1.0052
820.7;1.0081
820.96;1.01
821.22;1.0098
821.48;1.003
821.74;0.9911
822;0.98986
822.26;1.0037
822.52;1.0199
822.79;1.027
823.05;1.0228
823.31;1.0149
823.57;1.0125
823.83;1.0136
824.09;1.0152
824.36;1.0205
824.62;1.0243
824.88;1.0227
825.14;1.0209
825.41;1.0227
825.67;1.029
825.93;1.033
826.19;1.0262
826.46;1.0141
826.72;1.0059
826.98;1.0043
827.25;1.0087
827.51;1.0157
827.78;1.0207
828.04;1.0217
828.31;1.0196
828.57;1.0216
828.84;1.025
829.1;1.0195
829.37;1.0159
829.63;1.0245
829.9;1.0312
830.16;1.0212
830.43;1.005
830.69;0.99793
830.96;0.99854
831.23;1.0024
831.49;1.0084
831.76;1.0119
832.03;1.013
832.29;1.017
832.56;1.0186
832.83;1.0151
833.1;1.0174
833.36;1.0231
833.63;1.0186
833.9;1.0115
834.17;1.0173
834.44;1.0317
834.71;1.0397
834.98;1.0396
835.24;1.0391
835.51;1.0348
835.78;1.0248
836.05;1.0192
836.32;1.0244
836.59;1.0329
836.86;1.0329
837.13;1.0259
837.4;1.021
837.67;1.0203
837.94;1.0245
838.21;1.0295
838.49;1.0343
838.76;1.0372
839.03;1.0334
839.3;1.0265
839.57;1.0264
839.84;1.0315
840.12;1.0336
840.39;1.0346
840.66;1.0368
840.93;1.0331
841.21;1.0273
841.48;1.0274
841.75;1.0309
842.03;1.0321
842.3;1.0298
842.57;1.0278
842.85;1.0248
843.12;1.019
843.4;1.0195
843.67;1.0297
843.94;1.0395
844.22;1.0414
844.49;1.037
844.77;1.0331
845.04;1.032
845.32;1.0289
845.6;1.0269
845.87;1.0293
846.15;1.0315
846.42;1.0337
846.7;1.0353
846.98;1.0325
847.25;1.0308
847.53;1.0369
847.81;1.0447
848.09;1.0437
848.36;1.037
848.64;1.0309
848.92;1.0252
849.2;1.0226
849.48;1.0225
849.75;1.0216
850.03;1.0249
850.31;1.0344
850.59;1.0402
850.87;1.0367
851.15;1.0314
851.43;1.0309
851.71;1.0333
851.99;1.0345
852.27;1.0348
852.55;1.0358
852.83;1.035
853.11;1.0315
853.39;1.0295
853.67;1.0289
853.95;1.0277
854.23;1.0273
854.51;1.0293
854.8;1.0335
855.08;1.0369
855.36;1.0342
855.64;1.0273
855.93;1.0236
856.21;1.0271
856.49;1.0324
856.77;1.0316
857.06;1.0284
857.34;1.0301
857.62;1.037
857.91;1.0433
858.19;1.0434
858.48;1.0414
858.76;1.0398
859.05;1.038
859.33;1.0406
859.61;1.0489
859.9;1.0551
860.19;1.0526
860.47;1.0443
860.76;1.0374
861.04;1.032
861.33;1.0284
861.61;1.0283
861.9;1.0308
862.19;1.0355
862.47;1.0411
862.76;1.0452
863.05;1.0476
863.34;1.0477
863.62;1.0453
863.91;1.0447
864.2;1.0483
864.49;1.0508
864.78;1.047
865.06;1.0425
865.35;1.044
865.64;1.049
865.93;1.0514
866.22;1.0508
866.51;1.0491
866.8;1.045
867.09;1.0396
867.38;1.0384
867.67;1.0432
867.96;1.05
868.25;1.0531
868.54;1.0494
868.83;1.0425
869.12;1.0401
869.42;1.0445
869.71;1.0497
870;1.0505
870.29;1.0488
870.58;1.0484
870.88;1.0499
871.17;1.0506
871.46;1.0498
871.75;1.0503
872.05;1.0518
872.34;1.0538
872.63;1.0573
872.93;1.0596
873.22;1.0562
873.52;1.0512
873.81;1.054
874.11;1.0623
874.4;1.0634
874.7;1.0565
874.99;1.0529
875.29;1.0554
875.58;1.057
875.88;1.0533
876.17;1.047
876.47;1.045
876.77;1.0515
877.06;1.061
877.36;1.0643
877.66;1.0602
877.95;1.055
878.25;1.0539
878.55;1.055
878.85;1.0529
879.14;1.0479
879.44;1.0455
879.74;1.0487
880.04;1.055
880.34;1.0602
880.64;1.062
880.94;1.0577
881.24;1.0512
881.54;1.0483
881.84;1.0491
882.14;1.0512
882.44;1.0515
882.74;1.052
883.04;1.0573
883.34;1.0623
883.64;1.0613
883.94;1.0572
884.24;1.0514
884.54;1.0439
884.85;1.042
885.15;1.0485
885.45;1.0569
885.75;1.0642
886.06;1.0693
886.36;1.0664
886.66;1.0576
886.96;1.056
887.27;1.0629
887.57;1.0645
887.88;1.059
888.18;1.057
888.48;1.0579
888.79;1.0597
889.09;1.0635
889.4;1.0647
889.7;1.0617
890.01;1.0608
890.32;1.0628
890.62;1.0644
890.93;1.0654
891.23;1.0645
891.54;1.0612
891.85;1.0614
892.15;1.0666
892.46;1.0724
892.77;1.0737
893.08;1.0677
893.38;1.0607
893.69;1.0578
894;1.0577
894.31;1.0592
894.62;1.0618
894.93;1.0638
895.23;1.0666
895.54;1.0699
895.85;1.0677
896.16;1.0607
896.47;1.0566
896.78;1.0583
897.09;1.0626
897.4;1.065
897.71;1.0667
898.02;1.0703
898.34;1.0724
898.65;1.0721
898.96;1.0717
899.27;1.0698
899.58;1.0643
899.9;1.0609
900.21;1.0621
900.52;1.0632
900.83;1.0644
901.15;1.0671
901.46;1.0687
901.77;1.0679
902.09;1.0672
902.4;1.0681
902.72;1.0692
903.03;1.0686
903.34;1.0663
903.66;1.0641
903.97;1.0655
904.29;1.0695
904.6;1.0715
904.92;1.0695
905.24;1.0653
905.55;1.0624
905.87;1.0633
906.19;1.0684
906.5;1.0744
906.82;1.0765
907.14;1.0751
907.45;1.0747
907.77;1.0783
908.09;1.0835
908.41;1.0844
908.73;1.0803
909.05;1.0771
909.36;1.0747
909.68;1.0718
910;1.0729
910.32;1.078
910.64;1.0821
910.96;1.082
911.28;1.0804
911.6;1.0805
911.92;1.0804
912.24;1.0801
912.57;1.0826
912.89;1.085
913.21;1.082
913.53;1.0761
913.85;1.0722
914.17;1.0712
914.5;1.073
914.82;1.078
915.14;1.0828
915.47;1.0838
915.79;1.0825
916.11;1.0813
916.44;1.0804
916.76;1.0808
917.08;1.0848
917.41;1.0897
917.73;1.0913
918.06;1.0903
918.38;1.0864
918.71;1.0816
919.04;1.0807
919.36;1.0818
919.69;1.0804
920.01;1.0801
920.34;1.0843
920.67;1.087
920.99;1.0845
921.32;1.0828
921.65;1.0845
921.98;1.0852
922.3;1.0842
922.63;1.0849
922.96;1.0862
923.29;1.0869
923.62;1.0875
923.95;1.0856
924.28;1.0822
924.61;1.0832
924.94;1.0877
925.27;1.0896
925.6;1.0878
925.93;1.0843
926.26;1.0822
926.59;1.0835
926.92;1.086
927.25;1.0862
927.58;1.085
927.92;1.0862
928.25;1.0896
928.58;1.0916
928.91;1.0915
929.25;1.0923
929.58;1.0949
929.91;1.0959
930.25;1.0939
930.58;1.0913
930.91;1.0902
931.25;1.0928
931.58;1.0977
931.92;1.0982
932.25;1.0938
932.59;1.0897
932.92;1.0888
933.26;1.0909
933.6;1.0938
933.93;1.0962
934.27;1.0992
934.61;1.1022
934.94;1.1028
935.28;1.1013
935.62;1.0982
935.96;1.0946
936.29;1.0951
936.63;1.1
936.97;1.1033
937.31;1.1011
937.65;1.0972
937.99;1.0965
938.33;1.0985
938.67;1.0999
939.01;1.0992
939.35;1.0982
939.69;1.0989
940.03;1.1014
940.37;1.1044
940.71;1.1061
941.05;1.106
941.39;1.1059
941.74;1.1059
942.08;1.103
942.42;1.0981
942.76;1.0966
943.11;1.0996
943.45;1.1033
943.79;1.1054
944.14;1.1058
944.48;1.1062
944.82;1.1083
945.17;1.1103
945.51;1.1099
945.86;1.1097
946.2;1.1111
946.55;1.1115
946.89;1.1117
947.24;1.1115
947.59;1.1105
947.93;1.1114
948.28;1.1129
948.63;1.1122
948.97;1.1108
949.32;1.1108
949.67;1.1124
950.02;1.1145
950.37;1.1166
950.71;1.1208
951.06;1.1255
951.41;1.1242
951.76;1.118
952.11;1.1138
952.46;1.1141
952.81;1.1167
953.16;1.1192
953.51;1.1199
953.86;1.1207
954.21;1.1226
954.56;1.1238
954.92;1.1237
955.27;1.1237
955.62;1.124
955.97;1.1244
956.33;1.1254
956.68;1.1258
957.03;1.1245
957.38;1.1244
957.74;1.1257
958.09;1.1255
958.45;1.1256
958.8;1.1288
959.16;1.1321
959.51;1.1321
959.87;1.1301
960.22;1.1282
960.58;1.1275
960.93;1.1286
961.29;1.1315
961.65;1.1346
962;1.1366
962.36;1.1375
962.72;1.1369
963.07;1.1362
963.43;1.1372
963.79;1.1374
964.15;1.1342
964.51;1.13
964.87;1.1292
965.23;1.1314
965.59;1.1342
965.95;1.138
966.31;1.1412
966.67;1.1418
967.03;1.1425
967.39;1.144
967.75;1.1435
968.11;1.1417
968.47;1.1408
968.83;1.1413
969.2;1.1411
969.56;1.1392
969.92;1.1383
970.28;1.1392
970.65;1.1395
971.01;1.1392
971.37;1.1397
971.74;1.1416
972.1;1.1435
972.47;1.1443
972.83;1.1437
973.2;1.1425
973.56;1.1413
973.93;1.141
974.29;1.1425
974.66;1.1444
975.03;1.1449
975.39;1.1449
975.76;1.1448
976.13;1.1433
976.5;1.1413
976.86;1.1402
977.23;1.1404
977.6;1.1413
977.97;1.1417
978.34;1.1427
978.71;1.1448
979.08;1.1458
979.45;1.1462
979.82;1.1478
980.19;1.1485
980.56;1.1482
980.93;1.1483
981.3;1.1479
981.67;1.1466
982.04;1.145
982.42;1.1443
982.79;1.1451
983.16;1.1455
983.53;1.1449
983.91;1.1465
984.28;1.1503
984.66;1.1512
985.03;1.1484
985.4;1.1456
985.78;1.1445
986.15;1.1447
986.53;1.1453
986.9;1.1459
987.28;1.1465
987.66;1.1465
988.03;1.1463
988.41;1.1463
988.79;1.1469
989.16;1.1487
989.54;1.1509
989.92;1.1519
990.3;1.1514
990.68;1.1498
991.05;1.1486
991.43;1.148
991.81;1.1481
992.19;1.1485
992.57;1.1482
992.95;1.147
993.33;1.1462
993.71;1.1471
994.09;1.1488
994.48;1.15
994.86;1.1507
995.24;1.1521
995.62;1.1538
996;1.1541
996.39;1.153
996.77;1.1517
997.15;1.1514
997.54;1.1519
997.92;1.1511
998.3;1.1496
998.69;1.1498
999.07;1.1508
999.46;1.1513
999.84;1.1516
1000.2;1.1511
1000.6;1.1489
1001;1.147
1001.4;1.1475
1001.8;1.1503
1002.2;1.1524
1002.6;1.1518
1002.9;1.1505
1003.3;1.1499
1003.7;1.1506
1004.1;1.1518
1004.5;1.1521
1004.9;1.1515
1005.3;1.1513
1005.7;1.1515
1006.1;1.1516
1006.4;1.1514
1006.8;1.1511
1007.2;1.151
1007.6;1.1513
1008;1.1511
1008.4;1.1507
1008.8;1.1514
1009.2;1.153
1009.6;1.1535
1010;1.1522
1010.4;1.1506
1010.8;1.1509
1011.2;1.1521
1011.5;1.152
1011.9;1.1513
1012.3;1.1514
1012.7;1.1511
1013.1;1.1509
1013.5;1.1521
1013.9;1.1537
1014.3;1.1549
1014.7;1.1562
1015.1;1.1576
1015.5;1.1577
1015.9;1.1565
1016.3;1.1551
1016.7;1.153
1017.1;1.15
1017.5;1.1483
1017.9;1.1496
1018.3;1.1526
1018.7;1.1541
1019.1;1.1528
1019.5;1.1509
1019.9;1.1509
1020.3;1.1523
1020.7;1.1528
1021.1;1.1522
1021.5;1.1519
1021.9;1.1527
1022.3;1.1535
1022.7;1.1539
1023.1;1.1541
1023.5;1.1539
1023.9;1.1536
1024.3;1.1536
1024.7;1.154
1025.1;1.1538
1025.6;1.1537
1026;1.1542
1026.4;1.1543
1026.8;1.1537
1027.2;1.1527
1027.6;1.152
1028;1.1513
1028.4;1.1507
1028.8;1.1507
1029.2;1.1505
1029.6;1.1504
1030;1.1521
1030.4;1.1539
1030.9;1.154
1031.3;1.1537
1031.7;1.1536
1032.1;1.1529
1032.5;1.1519
1032.9;1.1519
1033.3;1.1532
1033.7;1.1537
1034.1;1.1531
1034.6;1.1534
1035;1.1542
1035.4;1.1536
1035.8;1.1515
1036.2;1.1499
1036.6;1.1501
1037;1.1518
1037.5;1.1538
1037.9;1.1546
1038.3;1.1536
1038.7;1.153
1039.1;1.154
1039.5;1.1543
1040;1.1527
1040.4;1.1518
1040.8;1.1525
1041.2;1.1535
1041.6;1.1539
1042;1.1536
1042.5;1.1524
1042.9;1.1515
1043.3;1.1518
1043.7;1.1536
1044.1;1.1554
1044.6;1.1561
1045;1.1561
1045.4;1.1559
1045.8;1.1553
1046.2;1.1546
1046.7;1.1541
1047.1;1.1537
1047.5;1.1537
1047.9;1.1543
1048.4;1.154
1048.8;1.152
1049.2;1.1503
1049.6;1.1506
1050.1;1.1521
1050.5;1.1528
1050.9;1.1528
1051.3;1.154
1051.8;1.1557
1052.2;1.1556
1052.6;1.1541
1053;1.1535
1053.5;1.1536
1053.9;1.1533
1054.3;1.1527
1054.8;1.153
1055.2;1.1543
1055.6;1.1555
1056;1.1555
1056.5;1.1548
1056.9;1.1546
1057.3;1.1551
1057.8;1.1557
1058.2;1.1554
1058.6;1.154
1059.1;1.153
1059.5;1.1529
1059.9;1.1529
1060.4;1.1529
1060.8;1.1527
1061.2;1.1521
1061.7;1.1519
1062.1;1.1527
1062.5;1.1534
1063;1.1533
1063.4;1.1533
1063.8;1.1539
1064.3;1.1545
1064.7;1.1545
1065.2;1.154
1065.6;1.1537
1066;1.1534
1066.5;1.1523
1066.9;1.1514
1067.4;1.1514
1067.8;1.1521
1068.2;1.1526
1068.7;1.153
1069.1;1.1544
1069.6;1.1567
1070;1.1582
1070.4;1.1575
1070.9;1.1552
1071.3;1.1543
1071.8;1.1553
1072.2;1.1557
1072.7;1.155
1073.1;1.1547
1073.5;1.1559
1074;1.1575
1074.4;1.1577
1074.9;1.1571
1075.3;1.157
1075.8;1.1566
1076.2;1.1554
1076.7;1.1552
1077.1;1.1564
1077.6;1.1576
1078;1.1576
1078.5;1.157
1078.9;1.1562
1079.3;1.156
1079.8;1.1569
1080.2;1.1583
1080.7;1.159
1081.2;1.1591
1081.6;1.1594
1082.1;1.1601
1082.5;1.1604
1083;1.1598
1083.4;1.1591
1083.9;1.159
1084.3;1.1593
1084.8;1.1593
1085.2;1.1586
1085.7;1.1575
1086.1;1.1575
1086.6;1.1588
1087;1.1599
1087.5;1.1602
1088;1.1604
1088.4;1.1611
1088.9;1.1619
1089.3;1.1627
1089.8;1.1631
1090.2;1.1628
1090.7;1.1626
1091.2;1.1623
1091.6;1.162
1092.1;1.1617
1092.5;1.1613
1093;1.1617
1093.5;1.1626
1093.9;1.1631
1094.4;1.1636
1094.8;1.1643
1095.3;1.1648
1095.8;1.1644
1096.2;1.163
1096.7;1.1621
1097.2;1.1625
1097.6;1.1636
1098.1;1.1643
1098.6;1.1647
1099;1.1647
1099.5;1.1644
1100;1.1641
1100.4;1.1638
1100.9;1.1634
1101.4;1.1635
1101.8;1.1647
1102.3;1.1663
1102.8;1.1667
1103.2;1.1657
1103.7;1.1652
1104.2;1.1657
1104.6;1.1663
1105.1;1.1667
1105.6;1.1672
1106.1;1.1679
1106.5;1.1683
1107;1.1682
1107.5;1.1681
1107.9;1.1681
1108.4;1.168
1108.9;1.1681
1109.4;1.1683
1109.8;1.168
1110.3;1.1677
1110.8;1.1677
1111.3;1.1683
1111.7;1.1692
1112.2;1.1697
1112.7;1.1698
1113.2;1.1697
1113.7;1.1696
1114.1;1.1694
1114.6;1.1691
1115.1;1.1696
1115.6;1.1715
1116.1;1.1732
1116.5;1.173
1117;1.1723
1117.5;1.1723
1118;1.1723
1118.5;1.1718
1118.9;1.1716
1119.4;1.1722
1119.9;1.1735
1120.4;1.1743
1120.9;1.1743
1121.4;1.1743
1121.9;1.1748
1122.3;1.1751
1122.8;1.1749
1123.3;1.1745
1123.8;1.1744
1124.3;1.175
1124.8;1.1756
1125.3;1.1758
1125.7;1.1764
1126.2;1.1774
1126.7;1.178
1127.2;1.1782
1127.7;1.1781
1128.2;1.178
1128.7;1.1784
1129.2;1.1796
1129.7;1.1808
1130.2;1.1817
1130.7;1.1826
1131.2;1.1838
1131.6;1.1843
1132.1;1.1842
1132.6;1.1845
1133.1;1.1854
1133.6;1.1873
1134.1;1.1891
1134.6;1.1898
1135.1;1.1903
1135.6;1.1913
1136.1;1.1927
1136.6;1.1941
1137.1;1.1953
1137.6;1.1961
1138.1;1.1974
1138.6;1.1994
1139.1;1.2011
1139.6;1.202
1140.1;1.2025
1140.6;1.2032
1141.1;1.2041
1141.6;1.2051
1142.1;1.2067
1142.6;1.209
1143.1;1.2114
1143.6;1.213
1144.1;1.2143
1144.6;1.2156
1145.1;1.2165
1145.6;1.2174
1146.2;1.2187
1146.7;1.2205
1147.2;1.2224
1147.7;1.2241
1148.2;1.2253
1148.7;1.2266
1149.2;1.2284
1149.7;1.2306
1150.2;1.2324
1150.7;1.2329
1151.2;1.2327
1151.8;1.2332
1152.3;1.2346
1152.8;1.236
1153.3;1.2369
1153.8;1.2375
1154.3;1.2382
1154.8;1.2388
1155.3;1.2393
1155.9;1.24
1156.4;1.2411
1156.9;1.2427
1157.4;1.2441
1157.9;1.2448
1158.4;1.2453
1159;1.2461
1159.5;1.2472
1160;1.2486
1160.5;1.2499
1161;1.2502
1161.6;1.25
1162.1;1.2504
1162.6;1.2511
1163.1;1.2517
1163.6;1.2526
1164.2;1.2535
1164.7;1.2543
1165.2;1.2553
1165.7;1.2566
1166.3;1.2572
1166.8;1.257
1167.3;1.2569
1167.8;1.2577
1168.4;1.2589
1168.9;1.2593
1169.4;1.2586
1169.9;1.2581
1170.5;1.2587
1171;1.2598
1171.5;1.2604
1172.1;1.2607
1172.6;1.2609
1173.1;1.2608
1173.7;1.2608
1174.2;1.2612
1174.7;1.2618
1175.2;1.2621
1175.8;1.262
1176.3;1.2621
1176.8;1.2625
1177.4;1.2631
1177.9;1.2636
1178.5;1.2637
1179;1.2636
1179.5;1.2638
1180.1;1.2646
1180.6;1.2654
1181.1;1.2659
1181.7;1.2667
1182.2;1.2678
1182.8;1.2687
1183.3;1.2692
1183.8;1.2694
1184.4;1.269
1184.9;1.2687
1185.5;1.2689
1186;1.2698
1186.5;1.2709
1187.1;1.2716
1187.6;1.2721
1188.2;1.2726
1188.7;1.2726
1189.3;1.2721
1189.8;1.2725
1190.4;1.2737
1190.9;1.2742
1191.5;1.2739
1192;1.2743
1192.5;1.2756
1193.1;1.2769
1193.6;1.2776
1194.2;1.2777
1194.7;1.2774
1195.3;1.2777
1195.8;1.2782
1196.4;1.2783
1197;1.2778
1197.5;1.2776
1198.1;1.2778
1198.6;1.2781
1199.2;1.2782
1199.7;1.2781
1200.3;1.2783
1200.8;1.2791
1201.4;1.2798
1201.9;1.2802
1202.5;1.2806
1203.1;1.281
1203.6;1.2807
1204.2;1.2803
1204.7;1.2806
1205.3;1.2812
1205.9;1.282
1206.4;1.2821
1207;1.2815
1207.5;1.2809
1208.1;1.2806
1208.7;1.2807
1209.2;1.2809
1209.8;1.281
1210.4;1.2811
1210.9;1.2812
1211.5;1.2807
1212.1;1.2797
1212.6;1.279
1213.2;1.2789
1213.8;1.2788
1214.3;1.2786
1214.9;1.2785
1215.5;1.278
1216;1.2773
1216.6;1.2768
1217.2;1.2765
1217.8;1.2758
1218.3;1.2748
1218.9;1.2736
1219.5;1.2727
1220;1.272
1220.6;1.2713
1221.2;1.2702
1221.8;1.2689
1222.3;1.2677
1222.9;1.2671
1223.5;1.2665
1224.1;1.2657
1224.7;1.2651
1225.2;1.2645
1225.8;1.2632
1226.4;1.2621
1227;1.2616
1227.6;1.2613
1228.1;1.2609
1228.7;1.2604
1229.3;1.2596
1229.9;1.2591
1230.5;1.2591
1231.1;1.2586
1231.6;1.2574
1232.2;1.2565
1232.8;1.2565
1233.4;1.2565
1234;1.2559
1234.6;1.2555
1235.2;1.2555
1235.7;1.2547
1236.3;1.2534
1236.9;1.253
1237.5;1.2533
1238.1;1.253
1238.7;1.252
1239.3;1.2511
1239.9;1.2507
1240.5;1.2506
1241.1;1.2507
1241.7;1.2505
1242.3;1.2499
1242.9;1.2494
1243.5;1.2492
1244;1.2489
1244.6;1.2488
1245.2;1.2484
1245.8;1.2475
1246.4;1.2463
1247;1.2455
1247.6;1.2459
1248.2;1.2469
1248.8;1.2472
1249.4;1.2467
1250;1.2463
1250.7;1.2458
1251.3;1.2454
1251.9;1.2453
1252.5;1.2454
1253.1;1.2454
1253.7;1.2452
1254.3;1.2451
1254.9;1.2449
1255.5;1.2444
1256.1;1.244
1256.7;1.2438
1257.3;1.2434
1257.9;1.243
1258.5;1.243
1259.2;1.2429
1259.8;1.2424
1260.4;1.2421
1261;1.2426
1261.6;1.2432
1262.2;1.2434
1262.8;1.2432
1263.4;1.2428
1264.1;1.2426
1264.7;1.243
1265.3;1.2433
1265.9;1.2436
1266.5;1.2439
1267.2;1.2437
1267.8;1.2433
1268.4;1.2432
1269;1.2435
1269.6;1.2433
1270.3;1.2427
1270.9;1.2427
1271.5;1.2434
1272.1;1.244
1272.8;1.2443
1273.4;1.2444
1274;1.2444
1274.6;1.2442
1275.3;1.2442
1275.9;1.2446
1276.5;1.2448
1277.1;1.2449
1277.8;1.245
1278.4;1.2453
1279;1.2457
1279.7;1.2458
1280.3;1.2457
1280.9;1.246
1281.6;1.2464
1282.2;1.2465
1282.8;1.2467
1283.5;1.2471
1284.1;1.2473
1284.7;1.2474
1285.4;1.2476
1286;1.2479
1286.6;1.2486
1287.3;1.2493
1287.9;1.2495
1288.6;1.2494
1289.2;1.2492
1289.8;1.2494
1290.5;1.2501
1291.1;1.251
1291.8;1.2515
1292.4;1.2517
1293.1;1.2519
1293.7;1.2524
1294.4;1.253
1295;1.2536
1295.7;1.2538
1296.3;1.2535
1296.9;1.2535
1297.6;1.2544
1298.2;1.2554
1298.9;1.2564
1299.5;1.257
1300.2;1.2574
1300.9;1.258
1301.5;1.2586
1302.2;1.2591
1302.8;1.2599
1303.5;1.2611
1304.1;1.2621
1304.8;1.2626
1305.4;1.2629
1306.1;1.2632
1306.8;1.2636
1307.4;1.2644
1308.1;1.2658
1308.7;1.2674
1309.4;1.2686
1310.1;1.269
1310.7;1.2693
1311.4;1.2705
1312;1.2721
1312.7;1.2732
1313.4;1.2738
1314;1.2748
1314.7;1.2761
1315.4;1.2774
1316;1.2781
1316.7;1.2791
1317.4;1.2804
1318;1.2817
1318.7;1.2828
1319.4;1.284
1320.1;1.2853
1320.7;1.2864
1321.4;1.2872
1322.1;1.2881
1322.8;1.2895
1323.4;1.2913
1324.1;1.2933
1324.8;1.2951
1325.5;1.2966
1326.1;1.2979
1326.8;1.2994
1327.5;1.301
1328.2;1.3022
1328.9;1.3035
1329.5;1.3051
1330.2;1.3069
1330.9;1.3086
1331.6;1.3101
1332.3;1.3117
1333;1.3131
1333.6;1.3144
1334.3;1.3159
1335;1.3174
1335.7;1.319
1336.4;1.321
1337.1;1.3228
1337.8;1.3242
1338.5;1.3258
1339.2;1.3277
1339.8;1.3293
1340.5;1.3306
1341.2;1.3323
1341.9;1.3345
1342.6;1.3366
1343.3;1.3382
1344;1.3392
1344.7;1.34
1345.4;1.3411
1346.1;1.3427
1346.8;1.3446
1347.5;1.3464
1348.2;1.3478
1348.9;1.3491
1349.6;1.3505
1350.3;1.3522
1351;1.354
1351.7;1.3555
1352.4;1.3571
1353.1;1.3587
1353.8;1.3602
1354.5;1.3616
1355.3;1.3632
1356;1.3649
1356.7;1.3662
1357.4;1.3676
1358.1;1.3693
1358.8;1.371
1359.5;1.3725
1360.2;1.3739
1360.9;1.3755
1361.7;1.3772
1362.4;1.379
1363.1;1.3807
1363.8;1.3827
1364.5;1.3848
1365.2;1.3866
1366;1.3884
1366.7;1.3905
1367.4;1.3929
1368.1;1.3952
1368.8;1.3974
1369.6;1.4001
1370.3;1.4035
1371;1.407
1371.7;1.4101
1372.5;1.413
1373.2;1.4161
1373.9;1.4199
1374.7;1.424
1375.4;1.4282
1376.1;1.4329
1376.8;1.4382
1377.6;1.4431
1378.3;1.4479
1379;1.4533
1379.8;1.4595
1380.5;1.466
1381.2;1.4726
1382;1.4799
1382.7;1.4877
1383.5;1.4956
1384.2;1.5039
1384.9;1.5131
1385.7;1.5229
1386.4;1.5328
1387.2;1.5432
1387.9;1.5544
1388.6;1.5655
1389.4;1.5763
1390.1;1.5873
1390.9;1.5985
1391.6;1.61
1392.4;1.6216
1393.1;1.6337
1393.9;1.6463
1394.6;1.6589
1395.4;1.6716
1396.1;1.6849
1396.9;1.6978
1397.6;1.7097
1398.4;1.7215
1399.1;1.7336
1399.9;1.7463
1400.6;1.7593
1401.4;1.7715
1402.2;1.7828
1402.9;1.794
1403.7;1.8056
1404.4;1.8176
1405.2;1.8294
1406;1.8404
1406.7;1.8509
1407.5;1.8615
1408.3;1.8723
1409;1.8835
1409.8;1.8936
1410.6;1.9013
1411.3;1.9083
1412.1;1.9167
1412.9;1.9263
1413.6;1.9354
1414.4;1.9433
1415.2;1.9506
1415.9;1.9574
1416.7;1.963
1417.5;1.9691
1418.3;1.9763
1419;1.9819
1419.8;1.986
1420.6;1.991
1421.4;1.997
1422.2;2.0034
1422.9;2.0103
1423.7;2.0166
1424.5;2.0221
1425.3;2.0284
1426.1;2.0362
1426.9;2.0427
1427.6;2.0457
1428.4;2.0485
1429.2;2.0539
1430;2.0595
1430.8;2.062
1431.6;2.0625
1432.4;2.0642
1433.2;2.0696
1434;2.0769
1434.8;2.0822
1435.5;2.0859
1436.3;2.0896
1437.1;2.0935
1437.9;2.0967
1438.7;2.0981
1439.5;2.0988
1440.3;2.1008
1441.1;2.104
1441.9;2.1076
1442.7;2.1095
1443.5;2.1104
1444.3;2.1132
1445.1;2.1153
1446;2.1137
1446.8;2.1111
1447.6;2.1107
1448.4;2.1133
1449.2;2.1174
1450;2.1204
1450.8;2.1221
1451.6;2.123
1452.4;2.1227
1453.2;2.1232
1454.1;2.1263
1454.9;2.1297
1455.7;2.1301
1456.5;2.1269
1457.3;2.1232
1458.2;2.122
1459;2.1235
1459.8;2.1251
1460.6;2.1244
1461.4;2.123
1462.3;2.1221
1463.1;2.1202
1463.9;2.1182
1464.7;2.1185
1465.6;2.12
1466.4;2.1196
1467.2;2.1163
1468.1;2.112
1468.9;2.1079
1469.7;2.1046
1470.6;2.1024
1471.4;2.1016
1472.2;2.1005
1473.1;2.0972
1473.9;2.0937
1474.7;2.0909
1475.6;2.0871
1476.4;2.0824
1477.3;2.0782
1478.1;2.0746
1478.9;2.0714
1479.8;2.0674
1480.6;2.0619
1481.5;2.0558
1482.3;2.0512
1483.2;2.048
1484;2.0444
1484.9;2.0402
1485.7;2.0357
1486.6;2.0321
1487.4;2.0294
1488.3;2.0259
1489.1;2.0206
1490;2.0145
1490.9;2.0091
1491.7;2.0046
1492.6;1.9999
1493.4;1.9944
1494.3;1.989
1495.2;1.9854
1496;1.9827
1496.9;1.979
1497.7;1.9735
1498.6;1.967
1499.5;1.9626
1500.3;1.9606
1501.2;1.958
1502.1;1.9536
1503;1.9487
1503.8;1.9433
1504.7;1.9372
1505.6;1.9318
1506.4;1.9277
1507.3;1.9246
1508.2;1.9213
1509.1;1.9171
1510;1.9121
1510.8;1.9074
1511.7;1.9027
1512.6;1.8975
1513.5;1.8929
1514.4;1.8888
1515.3;1.8841
1516.1;1.8797
1517;1.8763
1517.9;1.8728
1518.8;1.8677
1519.7;1.862
1520.6;1.8576
1521.5;1.8536
1522.4;1.8492
1523.3;1.8452
1524.2;1.8412
1525.1;1.8364
1526;1.8321
1526.9;1.8291
1527.8;1.8262
1528.7;1.8228
1529.6;1.8186
1530.5;1.8138
1531.4;1.8092
1532.3;1.8052
1533.2;1.801
1534.1;1.796
1535;1.7911
1535.9;1.7873
1536.8;1.7839
1537.7;1.7807
1538.6;1.7778
1539.5;1.7751
1540.5;1.7717
1541.4;1.7673
1542.3;1.7628
1543.2;1.7592
1544.1;1.7561
1545.1;1.7523
1546;1.7475
1546.9;1.7433
1547.8;1.7396
1548.7;1.7356
1549.7;1.7318
1550.6;1.7289
1551.5;1.7266
1552.5;1.724
1553.4;1.7208
1554.3;1.7179
1555.2;1.7153
1556.2;1.7122
1557.1;1.7086
1558.1;1.7057
1559;1.7033
1559.9;1.7011
1560.9;1.6986
1561.8;1.6957
1562.7;1.6926
1563.7;1.6897
1564.6;1.6869
1565.6;1.6842
1566.5;1.6817
1567.5;1.6791
1568.4;1.6765
1569.4;1.6738
1570.3;1.6711
1571.3;1.6686
1572.2;1.6665
1573.2;1.6643
1574.1;1.6614
1575.1;1.6579
1576;1.6549
1577;1.6528
1578;1.651
1578.9;1.6491
1579.9;1.6469
1580.9;1.6443
1581.8;1.6419
1582.8;1.6403
1583.7;1.6387
1584.7;1.6366
1585.7;1.6345
1586.7;1.6324
1587.6;1.6302
1588.6;1.6281
1589.6;1.6263
1590.6;1.6248
1591.5;1.6231
1592.5;1.6212
1593.5;1.6191
1594.5;1.6169
1595.4;1.6154
1596.4;1.6143
1597.4;1.613
1598.4;1.6111
1599.4;1.6089
1600.4;1.6067
1601.4;1.6047
1602.3;1.603
1603.3;1.6016
1604.3;1.6003
1605.3;1.5989
1606.3;1.5976
1607.3;1.5965
1608.3;1.5953
1609.3;1.5939
1610.3;1.5926
1611.3;1.5914
1612.3;1.59
1613.3;1.5887
1614.3;1.5877
1615.3;1.5865
1616.3;1.585
1617.3;1.5836
1618.4;1.5824
1619.4;1.5813
1620.4;1.5799
1621.4;1.5784
1622.4;1.577
1623.4;1.5756
1624.4;1.5745
1625.5;1.5738
1626.5;1.573
1627.5;1.5718
1628.5;1.5705
1629.5;1.5696
1630.6;1.5691
1631.6;1.5685
1632.6;1.5675
1633.6;1.5665
1634.7;1.5659
1635.7;1.5652
1636.7;1.5645
1637.8;1.5639
1638.8;1.5631
1639.8;1.5622
1640.9;1.5616
1641.9;1.5609
1643;1.56
1644;1.5594
1645;1.559
1646.1;1.5588
1647.1;1.5586
1648.2;1.558
1649.2;1.5575
1650.3;1.5575
1651.3;1.5578
1652.4;1.5576
1653.4;1.5571
1654.5;1.5569
1655.6;1.5571
1656.6;1.5574
1657.7;1.5579
1658.7;1.5584
1659.8;1.5587
1660.9;1.5593
1661.9;1.5604
1663;1.5618
1664.1;1.5628
1665.1;1.5635
1666.2;1.5638
1667.3;1.5639
1668.3;1.5642
1669.4;1.5649
1670.5;1.5656
1671.6;1.5663
1672.6;1.5675
1673.7;1.5693
1674.8;1.5713
1675.9;1.573
1677;1.5751
1678.1;1.5773
1679.1;1.5792
1680.2;1.581
1681.3;1.5831
1682.4;1.5856
1683.5;1.5884
1684.6;1.5917
1685.7;1.5952
1686.8;1.5989
1687.9;1.6028
1689;1.6073
1690.1;1.6122
1691.2;1.617
1692.3;1.6215
1693.4;1.6252
1694.5;1.6281
1695.6;1.631
1696.7;1.6351
1697.8;1.6408
1699;1.6473
1700.1;1.6544
1701.2;1.662
1702.3;1.6695
1703.4;1.6759
1704.5;1.6817
1705.7;1.6871
1706.8;1.692
1707.9;1.6963
1709;1.7006
1710.2;1.7049
1711.3;1.7089
1712.4;1.7121
1713.5;1.7152
1714.7;1.7185
1715.8;1.722
1717;1.7255
1718.1;1.7283
1719.2;1.7304
1720.4;1.7324
1721.5;1.7346
1722.7;1.7371
1723.8;1.74
1724.9;1.743
1726.1;1.746
1727.2;1.7481
1728.4;1.7481
1729.6;1.7457
1730.7;1.742
1731.9;1.737
1733;1.7307
1734.2;1.7235
1735.3;1.7162
1736.5;1.7097
1737.7;1.7045
1738.8;1.7007
1740;1.6979
1741.2;1.6961
1742.3;1.6955
1743.5;1.6958
1744.7;1.6964
1745.9;1.6977
1747;1.7003
1748.2;1.7036
1749.4;1.7074
1750.6;1.7112
1751.8;1.7147
1752.9;1.7181
1754.1;1.7215
1755.3;1.7251
1756.5;1.729
1757.7;1.7329
1758.9;1.7366
1760.1;1.7399
1761.3;1.7425
1762.5;1.7441
1763.7;1.7445
1764.9;1.7433
1766.1;1.7409
1767.3;1.7381
1768.5;1.7352
1769.7;1.7322
1770.9;1.7296
1772.1;1.7276
1773.3;1.726
1774.5;1.7249
1775.8;1.7241
1777;1.7231
1778.2;1.7221
1779.4;1.7216
1780.6;1.7211
1781.9;1.7199
1783.1;1.7185
1784.3;1.7173
1785.5;1.7163
1786.8;1.7156
1788;1.7154
1789.2;1.7155
1790.5;1.7154
1791.7;1.7148
1792.9;1.7137
1794.2;1.7125
1795.4;1.7115
1796.7;1.7107
1797.9;1.7099
1799.2;1.7091
1800.4;1.708
1801.7;1.7067
1802.9;1.7053
1804.2;1.7038
1805.4;1.7026
1806.7;1.7021
1807.9;1.7017
1809.2;1.7008
1810.5;1.6998
1811.7;1.6987
1813;1.6974
1814.3;1.6961
1815.5;1.6948
1816.8;1.694
1818.1;1.6935
1819.4;1.693
1820.6;1.6927
1821.9;1.6923
1823.2;1.6913
1824.5;1.6904
1825.8;1.6902
1827.1;1.6901
1828.3;1.6901
1829.6;1.6898
1830.9;1.6896
1832.2;1.6898
1833.5;1.6906
1834.8;1.6912
1836.1;1.6915
1837.4;1.6919
1838.7;1.6926
1840;1.6937
1841.3;1.6954
1842.6;1.6978
1844;1.7001
1845.3;1.7023
1846.6;1.7049
1847.9;1.7083
1849.2;1.7124
1850.5;1.7166
1851.9;1.7208
1853.2;1.726
1854.5;1.7328
1855.8;1.7409
1857.2;1.7496
1858.5;1.7591
1859.8;1.7695
1861.2;1.7808
1862.5;1.7929
1863.8;1.8063
1865.2;1.8216
1866.5;1.8387
1867.9;1.8577
1869.2;1.878
1870.6;1.8996
1871.9;1.9232
1873.3;1.9498
1874.6;1.9794
1876;2.0106
1877.3;2.0426
1878.7;2.0768
1880.1;2.1147
1881.4;2.1553
1882.8;2.1968
1884.2;2.2395
1885.5;2.2829
1886.9;2.3262
1888.3;2.371
1889.6;2.4195
1891;2.4701
1892.4;2.5181
1893.8;2.5616
1895.2;2.6026
1896.6;2.6409
1897.9;2.6741
1899.3;2.7034
1900.7;2.7295
1902.1;2.7508
1903.5;2.7713
1904.9;2.7933
1906.3;2.815
1907.7;2.8365
1909.1;2.8546
1910.5;2.8705
1911.9;2.8882
1913.4;2.9015
1914.8;2.9148
1916.2;2.9289
1917.6;2.9251
1919;2.9081
1920.4;2.9075
1921.9;2.9238
1923.3;2.9339
1924.7;2.9345
1926.1;2.9412
1927.6;2.9558
1929;2.9654
1930.5;2.966
1931.9;2.9685
1933.3;2.9696
1934.8;2.9679
1936.2;2.9673
1937.7;2.965
1939.1;2.9605
1940.6;2.9584
1942;2.9584
1943.5;2.9525
1944.9;2.9409
1946.4;2.9344
1947.9;2.9404
1949.3;2.9469
1950.8;2.9406
1952.3;2.9319
1953.7;2.9265
1955.2;2.916
1956.7;2.9004
1958.2;2.887
1959.6;2.8836
1961.1;2.8906
1962.6;2.8958
1964.1;2.8916
1965.6;2.8793
1967.1;2.8622
1968.6;2.8453
1970.1;2.833
1971.6;2.8219
1973.1;2.8105
1974.6;2.8011
1976.1;2.794
1977.6;2.7908
1979.1;2.789
1980.6;2.778
1982.1;2.7581
1983.6;2.7453
1985.1;2.7482
1986.7;2.7532
1988.2;2.7453
1989.7;2.7297
1991.2;2.7141
1992.8;2.702
1994.3;2.692
1995.8;2.6808
1997.4;2.67
1998.9;2.6631
2000.5;2.6584
2002;2.6516
2003.6;2.642
2005.1;2.6325
2006.7;2.6242
2008.2;2.6167
2009.8;2.6115
2011.3;2.6033
2012.9;2.5899
2014.5;2.5781
2016;2.5704
2017.6;2.5626
2019.2;2.5513
2020.7;2.5387
2022.3;2.5295
2023.9;2.5215
2025.5;2.5136
2027.1;2.5092
2028.6;2.5048
2030.2;2.4968
2031.8;2.4872
2033.4;2.4792
2035;2.4725
2036.6;2.4635
2038.2;2.4562
2039.8;2.4553
2041.4;2.4542
2043;2.4474
2044.6;2.4376
2046.2;2.426
2047.9;2.4135
2049.5;2.4043
2051.1;2.3967
2052.7;2.387
2054.4;2.3762
2056;2.3672
2057.6;2.3604
2059.3;2.3529
2060.9;2.3432
2062.5;2.3351
2064.2;2.3289
2065.8;2.3202
2067.5;2.3083
2069.1;2.2957
2070.8;2.2861
2072.4;2.28
2074.1;2.2715
2075.7;2.2607
2077.4;2.2541
2079.1;2.2506
2080.7;2.245
2082.4;2.236
2084.1;2.2252
2085.8;2.2145
2087.4;2.2063
2089.1;2.2002
2090.8;2.1936
2092.5;2.1859
2094.2;2.1797
2095.9;2.1752
2097.6;2.1698
2099.3;2.1631
2101;2.1568
2102.7;2.1514
2104.4;2.1452
2106.1;2.1401
2107.8;2.1372
2109.5;2.134
2111.2;2.1294
2113;2.124
2114.7;2.1187
2116.4;2.1152
2118.1;2.1138
2119.9;2.1111
2121.6;2.105
2123.3;2.0981
2125.1;2.0935
2126.8;2.0911
2128.6;2.0894
2130.3;2.0869
2132.1;2.0829
2133.8;2.0781
2135.6;2.0743
2137.3;2.0741
2139.1;2.0759
2140.9;2.0771
2142.6;2.0771
2144.4;2.0746
2146.2;2.0696
2148;2.0652
2149.7;2.0618
2151.5;2.0566
2153.3;2.0507
2155.1;2.0469
2156.9;2.0448
2158.7;2.0428
2160.5;2.041
2162.3;2.0377
2164.1;2.0331
2165.9;2.0317
2167.7;2.0346
2169.5;2.0371
2171.4;2.0371
2173.2;2.0349
2175;2.0302
2176.8;2.0244
2178.7;2.0194
2180.5;2.0163
2182.3;2.0145
2184.2;2.0118
2186;2.0075
2187.8;2.0043
2189.7;2.0023
2191.5;1.9987
2193.4;1.9932
2195.3;1.9896
2197.1;1.9883
2199;1.9861
2200.8;1.9815
2202.7;1.9759
2204.6;1.9718
2206.5;1.9697
2208.3;1.9669
2210.2;1.963
2212.1;1.9621
2214;1.9637
2215.9;1.9642
2217.8;1.9654
2219.7;1.9679
2221.6;1.9674
2223.5;1.9645
2225.4;1.9636
2227.3;1.9651
2229.2;1.9665
2231.2;1.9683
2233.1;1.9722
2235;1.9768
2236.9;1.9813
2238.9;1.9872
2240.8;1.9937
2242.7;2.0001
2244.7;2.0088
2246.6;2.0215
2248.6;2.0374
2250.5;2.0531
2252.5;2.065
2254.4;2.0751
2256.4;2.0859
2258.4;2.0958
2260.3;2.1047
2262.3;2.1174
2264.3;2.1367
2266.3;2.1555
2268.2;2.1653
2270.2;2.17
2272.2;2.1777
2274.2;2.1884
2276.2;2.2005
2278.2;2.217
2280.2;2.2336
2282.2;2.2418
2284.2;2.2484
2286.2;2.2616
2288.3;2.2773
2290.3;2.2932
2292.3;2.3119
2294.3;2.3327
2296.4;2.3531
2298.4;2.3702
2300.4;2.3843
2302.5;2.4013
2304.5;2.4244
2306.6;2.4425
2308.6;2.4451
2310.7;2.4358
2312.8;2.4161
2314.8;2.3854
2316.9;2.3491
2319;2.3243
2321;2.3193
2323.1;2.3198
2325.2;2.3113
2327.3;2.3007
2329.4;2.3006
2331.5;2.3116
2333.6;2.329
2335.7;2.3483
2337.8;2.3589
2339.9;2.3578
2342;2.363
2344.1;2.3875
2346.2;2.4142
2348.4;2.4181
2350.5;2.4025
2352.6;2.3915
2354.8;2.3938
2356.9;2.399
2359.1;2.3974
2361.2;2.3842
2363.4;2.3729
2365.5;2.3688
2367.7;2.3553
2369.8;2.3435
2372;2.3533
2374.2;2.3605
2376.4;2.3465
2378.5;2.3292
2380.7;2.3297
2382.9;2.3457
2385.1;2.3563
2387.3;2.3698
2389.5;2.391
2391.7;2.4016
2393.9;2.3939
2396.1;2.3729
2398.3;2.3573
2400.6;2.3573
2402.8;2.3742
2405;2.3934
2407.2;2.3974
2409.5;2.373
2411.7;2.343
2414;2.3293
2416.2;2.3262
2418.5;2.3116
2420.7;2.2944
2423;2.2979
2425.3;2.3105
2427.5;2.3239
2429.8;2.3364
2432.1;2.3464
2434.4;2.3601
2436.7;2.3462
2438.9;2.2833
2441.2;2.2481
2443.5;2.2421
2445.8;2.2357
2448.2;2.2274
2450.5;2.2116
2452.8;2.1975
2455.1;2.1749
2457.4;2.1408
2459.8;2.1194
2462.1;2.1363
2464.4;2.1937
2466.8;2.1843
2469.1;2.121
2471.5;2.0606
2473.9;2.0344
2476.2;2.0577
2478.6;2.1155
2481;2.0965
2483.3;2.0191
2485.7;1.9908
2488.1;2.0168
2490.5;1.9895
2492.9;1.9433
2495.3;1.9032
2497.7;1.8576
2500.1;1.8523
