800.43;1.1243
800.68;1.1217
800.93;1.1198
801.17;1.1119
801.42;1.1046
801.67;1.1103
801.92;1.1292
802.17;1.1442
802.41;1.1437
802.66;1.1356
802.91;1.1282
803.16;1.124
803.41;1.1234
803.66;1.1357
803.91;1.1524
804.16;1.153
804.41;1.1371
804.65;1.1318
804.9;1.1376
805.15;1.1408
805.4;1.14
805.66;1.1405
805.91;1.146
806.16;1.1581
806.41;1.1614
806.66;1.1477
806.91;1.1335
807.16;1.1353
807.41;1.1472
807.66;1.1593
807.91;1.171
808.17;1.1723
808.42;1.1565
808.67;1.1419
808.92;1.1435
809.18;1.1517
809.43;1.1502
809.68;1.1352
809.93;1.1189
810.19;1.1195
810.44;1.1387
810.69;1.1587
810.95;1.1604
811.2;1.1548
811.45;1.1573
811.71;1.1597
811.96;1.1553
812.22;1.1435
812.47;1.1217
812.73;1.102
812.98;1.0972
813.24;1.1075
813.49;1.124
813.75;1.1362
814;1.1393
814.26;1.1327
814.51;1.1273
814.77;1.1377
815.03;1.1418
815.28;1.1272
815.54;1.1148
815.8;1.1068
816.05;1.1042
816.31;1.1193
816.57;1.1414
816.82;1.1511
817.08;1.1532
817.34;1.1539
817.6;1.1457
817.85;1.1366
818.11;1.1397
818.37;1.1419
818.63;1.1416
818.89;1.1494
819.15;1.1586
819.41;1.1629
819.66;1.161
819.92;1.1552
820.18;1.1503
820.44;1.1519
820.7;1.1582
820.96;1.157
821.22;1.146
821.48;1.1378
821.74;1.1403
822;1.1415
822.26;1.1339
822.52;1.1327
822.79;1.1421
823.05;1.1467
823.31;1.1482
823.57;1.1575
823.83;1.1679
824.09;1.1742
824.36;1.1739
824.62;1.162
824.88;1.1466
825.14;1.1421
825.41;1.1461
825.67;1.1542
825.93;1.1618
826.19;1.1648
826.46;1.1654
826.72;1.1629
826.98;1.1567
827.25;1.1535
827.51;1.153
827.78;1.1525
828.04;1.1561
828.31;1.1634
828.57;1.1644
828.84;1.156
829.1;1.1488
829.37;1.1521
829.63;1.156
829.9;1.1506
830.16;1.1414
830.43;1.1358
830.69;1.138
830.96;1.1475
831.23;1.1592
831.49;1.1664
831.76;1.1698
832.03;1.1725
832.29;1.1752
832.56;1.1758
832.83;1.1719
833.1;1.1694
833.36;1.1706
833.63;1.1659
833.9;1.155
834.17;1.1498
834.44;1.1554
834.71;1.1666
834.98;1.1758
835.24;1.1737
835.51;1.1599
835.78;1.1454
836.05;1.1407
836.32;1.1489
836.59;1.1648
836.86;1.18
837.13;1.187
837.4;1.1828
837.67;1.1747
837.94;1.1726
838.21;1.1717
838.49;1.1674
838.76;1.1716
839.03;1.1824
839.3;1.1788
839.57;1.1634
839.84;1.1602
840.12;1.172
840.39;1.1771
840.66;1.1681
840.93;1.1584
841.21;1.1561
841.48;1.16
841.75;1.1651
842.03;1.1735
842.3;1.1887
842.57;1.1954
842.85;1.1844
843.12;1.1742
843.4;1.1752
843.67;1.1783
843.94;1.1763
844.22;1.1721
844.49;1.1671
844.77;1.1655
845.04;1.1735
845.32;1.1845
845.6;1.1882
845.87;1.1865
846.15;1.1851
846.42;1.1815
846.7;1.177
846.98;1.1759
847.25;1.178
847.53;1.1824
847.81;1.1844
848.09;1.1831
848.36;1.1852
848.64;1.186
848.92;1.1857
849.2;1.1906
849.48;1.1891
849.75;1.1742
850.03;1.1645
850.31;1.171
850.59;1.1787
850.87;1.176
851.15;1.1723
851.43;1.1745
851.71;1.1759
851.99;1.1737
852.27;1.171
852.55;1.1665
852.83;1.1632
853.11;1.1666
853.39;1.1707
853.67;1.1707
853.95;1.169
854.23;1.1633
854.51;1.1547
854.8;1.153
855.08;1.1588
855.36;1.164
855.64;1.166
855.93;1.1683
856.21;1.1737
856.49;1.1813
856.77;1.1866
857.06;1.1833
857.34;1.1736
857.62;1.1662
857.91;1.1654
858.19;1.1697
858.48;1.1772
858.76;1.1817
859.05;1.1823
859.33;1.1846
859.61;1.1885
859.9;1.1887
860.19;1.1834
860.47;1.176
860.76;1.1724
861.04;1.175
861.33;1.1797
861.61;1.1788
861.9;1.172
862.19;1.1674
862.47;1.1711
862.76;1.1769
863.05;1.1769
863.34;1.1793
863.62;1.1859
863.91;1.1866
864.2;1.1836
864.49;1.1857
864.78;1.1893
865.06;1.187
865.35;1.1835
865.64;1.186
865.93;1.1918
866.22;1.1923
866.51;1.1836
866.8;1.1737
867.09;1.1738
867.38;1.1827
867.67;1.1898
867.96;1.1861
868.25;1.1742
868.54;1.1644
868.83;1.165
869.12;1.178
869.42;1.1917
869.71;1.195
870;1.1909
870.29;1.1847
870.58;1.1808
870.88;1.1834
871.17;1.1902
871.46;1.1962
871.75;1.1984
872.05;1.1957
872.34;1.1905
872.63;1.19
872.93;1.1969
873.22;1.2028
873.52;1.2027
873.81;1.1985
874.11;1.1886
874.4;1.1774
874.7;1.1772
874.99;1.1889
875.29;1.1972
875.58;1.1981
875.88;1.2
876.17;1.1987
876.47;1.1911
876.77;1.1863
877.06;1.1891
877.36;1.1954
877.66;1.2038
877.95;1.2125
878.25;1.2139
878.55;1.2088
878.85;1.2055
879.14;1.2044
879.44;1.2038
879.74;1.2035
880.04;1.2032
880.34;1.2036
880.64;1.2042
880.94;1.2052
881.24;1.2081
881.54;1.2116
881.84;1.2106
882.14;1.2027
882.44;1.1955
882.74;1.1974
883.04;1.2016
883.34;1.2001
883.64;1.2008
883.94;1.2058
884.24;1.207
884.54;1.2032
884.85;1.1988
885.15;1.1941
885.45;1.1907
885.75;1.1938
886.06;1.2011
886.36;1.2049
886.66;1.2056
886.96;1.2085
887.27;1.2123
887.57;1.2127
887.88;1.2093
888.18;1.2051
888.48;1.205
888.79;1.209
889.09;1.2111
889.4;1.2093
889.7;1.2072
890.01;1.2087
890.32;1.2088
890.62;1.2042
890.93;1.2015
891.23;1.2041
891.54;1.2069
891.85;1.2066
892.15;1.2053
892.46;1.2026
892.77;1.1966
893.08;1.1924
893.38;1.1942
893.69;1.1985
894;1.2008
894.31;1.2014
894.62;1.2032
894.93;1.2064
895.23;1.2076
895.54;1.2078
895.85;1.2093
896.16;1.2114
896.47;1.2118
896.78;1.2089
897.09;1.2057
897.4;1.205
897.71;1.2028
898.02;1.2003
898.34;1.1997
898.65;1.2013
898.96;1.2074
899.27;1.2132
899.58;1.2122
899.9;1.2079
900.21;1.2058
900.52;1.2054
900.83;1.2067
901.15;1.2107
901.46;1.2155
901.77;1.2198
902.09;1.2218
902.4;1.22
902.72;1.2153
903.03;1.2111
903.34;1.2111
903.66;1.2123
903.97;1.2091
904.29;1.2067
904.6;1.2106
904.92;1.2164
905.24;1.2187
905.55;1.2178
905.87;1.2167
906.19;1.2162
906.5;1.2169
906.82;1.2202
907.14;1.2217
907.45;1.2221
907.77;1.2244
908.09;1.2238
908.41;1.2201
908.73;1.2189
909.05;1.2219
909.36;1.227
909.68;1.231
910;1.2305
910.32;1.2281
910.64;1.2301
910.96;1.2354
911.28;1.2359
911.6;1.23
911.92;1.2229
912.24;1.2205
912.57;1.2213
912.89;1.2216
913.21;1.225
913.53;1.2311
913.85;1.2316
914.17;1.2269
914.5;1.2255
914.82;1.2278
915.14;1.2279
915.47;1.2239
915.79;1.2216
916.11;1.2264
916.44;1.2318
916.76;1.2297
917.08;1.2242
917.41;1.2231
917.73;1.2259
918.06;1.2278
918.38;1.2288
918.71;1.2306
919.04;1.2317
919.36;1.2309
919.69;1.2322
920.01;1.2358
920.34;1.2368
920.67;1.2352
920.99;1.2352
921.32;1.2362
921.65;1.2372
921.98;1.2369
922.3;1.2352
922.63;1.2355
922.96;1.2358
923.29;1.2312
923.62;1.2271
923.95;1.2273
924.28;1.2283
924.61;1.23
924.94;1.2335
925.27;1.2355
925.6;1.2349
925.93;1.2332
926.26;1.2318
926.59;1.233
926.92;1.2371
927.25;1.2412
927.58;1.2422
927.92;1.2395
928.25;1.2379
928.58;1.2412
928.91;1.2445
929.25;1.2438
929.58;1.2445
929.91;1.2484
930.25;1.2492
930.58;1.247
930.91;1.2454
931.25;1.2445
931.58;1.2451
931.92;1.2461
932.25;1.2482
932.59;1.2514
932.92;1.2506
933.26;1.2458
933.6;1.2433
933.93;1.2476
934.27;1.2544
934.61;1.2583
934.94;1.2592
935.28;1.2561
935.62;1.2509
935.96;1.2498
936.29;1.2523
936.63;1.2546
936.97;1.2556
937.31;1.2552
937.65;1.2565
937.99;1.2619
938.33;1.2669
938.67;1.2671
939.01;1.2624
939.35;1.2583
939.69;1.2614
940.03;1.2668
940.37;1.2672
940.71;1.2661
941.05;1.2668
941.39;1.2682
941.74;1.269
942.08;1.2694
942.42;1.2696
942.76;1.2692
943.11;1.269
943.45;1.2702
943.79;1.2714
944.14;1.2699
944.48;1.2654
944.82;1.2623
945.17;1.2666
945.51;1.2753
945.86;1.2794
946.2;1.2778
946.55;1.2761
946.89;1.2769
947.24;1.2782
947.59;1.2805
947.93;1.2815
948.28;1.278
948.63;1.2744
948.97;1.274
949.32;1.2764
949.67;1.2836
950.02;1.2932
950.37;1.2984
950.71;1.2985
951.06;1.2956
951.41;1.2912
951.76;1.2878
952.11;1.2898
952.46;1.2964
952.81;1.2998
953.16;1.2987
953.51;1.2988
953.86;1.2996
954.21;1.2986
954.56;1.297
954.92;1.2972
955.27;1.2988
955.62;1.3008
955.97;1.304
956.33;1.3076
956.68;1.3086
957.03;1.3057
957.38;1.3031
957.74;1.3052
958.09;1.3106
958.45;1.3155
958.8;1.3182
959.16;1.3179
959.51;1.3148
959.87;1.313
960.22;1.3151
960.58;1.318
960.93;1.3183
961.29;1.3163
961.65;1.3157
962;1.3205
962.36;1.3282
962.72;1.3321
963.07;1.3312
963.43;1.3286
963.79;1.3264
964.15;1.324
964.51;1.3204
964.87;1.3187
965.23;1.3193
965.59;1.319
965.95;1.3198
966.31;1.324
966.67;1.3298
967.03;1.3342
967.39;1.3347
967.75;1.3311
968.11;1.3264
968.47;1.3268
968.83;1.3325
969.2;1.3366
969.56;1.3365
969.92;1.3341
970.28;1.3314
970.65;1.3315
971.01;1.3339
971.37;1.3349
971.74;1.3345
972.1;1.3345
972.47;1.3349
972.83;1.3357
973.2;1.3355
973.56;1.3334
973.93;1.333
974.29;1.3336
974.66;1.3318
975.03;1.3299
975.39;1.3304
975.76;1.3321
976.13;1.3344
976.5;1.3375
976.86;1.3388
977.23;1.3386
977.6;1.3388
977.97;1.3396
978.34;1.3424
978.71;1.3451
979.08;1.3437
979.45;1.3411
979.82;1.3414
980.19;1.3426
980.56;1.3422
980.93;1.3421
981.3;1.3418
981.67;1.3401
982.04;1.3393
982.42;1.3401
982.79;1.3411
983.16;1.3416
983.53;1.3412
983.91;1.3404
984.28;1.3404
984.66;1.3411
985.03;1.342
985.4;1.3418
985.78;1.3401
986.15;1.3398
986.53;1.3415
986.9;1.3437
987.28;1.3475
987.66;1.3517
988.03;1.353
988.41;1.3512
988.79;1.3478
989.16;1.3449
989.54;1.3458
989.92;1.3485
990.3;1.3488
990.68;1.3476
991.05;1.3465
991.43;1.344
991.81;1.3413
992.19;1.3419
992.57;1.3444
992.95;1.3451
993.33;1.3442
993.71;1.344
994.09;1.3449
994.48;1.346
994.86;1.3466
995.24;1.3452
995.62;1.3433
996;1.3431
996.39;1.3434
996.77;1.3441
997.15;1.347
997.54;1.3495
997.92;1.3496
998.3;1.3508
998.69;1.3528
999.07;1.3516
999.46;1.3486
999.84;1.3467
1000.2;1.3454
1000.6;1.3446
1001;1.3458
1001.4;1.3481
1001.8;1.35
1002.2;1.3509
1002.6;1.3513
1002.9;1.351
1003.3;1.3494
1003.7;1.3465
1004.1;1.3436
1004.5;1.342
1004.9;1.3422
1005.3;1.3445
1005.7;1.3474
1006.1;1.3469
1006.4;1.3423
1006.8;1.3375
1007.2;1.3372
1007.6;1.3401
1008;1.3415
1008.4;1.3408
1008.8;1.3402
1009.2;1.3416
1009.6;1.3448
1010;1.347
1010.4;1.3467
1010.8;1.3452
1011.2;1.3438
1011.5;1.3431
1011.9;1.3437
1012.3;1.345
1012.7;1.3446
1013.1;1.3426
1013.5;1.342
1013.9;1.3429
1014.3;1.3432
1014.7;1.3419
1015.1;1.3405
1015.5;1.3411
1015.9;1.3434
1016.3;1.3448
1016.7;1.3438
1017.1;1.342
1017.5;1.3414
1017.9;1.3413
1018.3;1.3412
1018.7;1.3421
1019.1;1.343
1019.5;1.3422
1019.9;1.3405
1020.3;1.3389
1020.7;1.3381
1021.1;1.3378
1021.5;1.3367
1021.9;1.3358
1022.3;1.3369
1022.7;1.3385
1023.1;1.3383
1023.5;1.3381
1023.9;1.3393
1024.3;1.3414
1024.7;1.3431
1025.1;1.3426
1025.6;1.3415
1026;1.3409
1026.4;1.3396
1026.8;1.3383
1027.2;1.3395
1027.6;1.3418
1028;1.3421
1028.4;1.3418
1028.8;1.3417
1029.2;1.3397
1029.6;1.3366
1030;1.3332
1030.4;1.3306
1030.9;1.333
1031.3;1.338
1031.7;1.3388
1032.1;1.3361
1032.5;1.335
1032.9;1.3352
1033.3;1.3351
1033.7;1.3356
1034.1;1.3356
1034.6;1.3345
1035;1.3346
1035.4;1.336
1035.8;1.3359
1036.2;1.3354
1036.6;1.3361
1037;1.3362
1037.5;1.3351
1037.9;1.3342
1038.3;1.3334
1038.7;1.3329
1039.1;1.3343
1039.5;1.3362
1040;1.3352
1040.4;1.3325
1040.8;1.3304
1041.2;1.33
1041.6;1.3303
1042;1.3299
1042.5;1.3305
1042.9;1.3321
1043.3;1.3324
1043.7;1.332
1044.1;1.3332
1044.6;1.3354
1045;1.3367
1045.4;1.3359
1045.8;1.3337
1046.2;1.3318
1046.7;1.3308
1047.1;1.33
1047.5;1.33
1047.9;1.3313
1048.4;1.3322
1048.8;1.3314
1049.2;1.3309
1049.6;1.3321
1050.1;1.3331
1050.5;1.3338
1050.9;1.335
1051.3;1.3359
1051.8;1.3359
1052.2;1.3345
1052.6;1.3313
1053;1.3288
1053.5;1.3298
1053.9;1.3321
1054.3;1.3324
1054.8;1.3316
1055.2;1.3317
1055.6;1.3317
1056;1.3308
1056.5;1.3315
1056.9;1.3333
1057.3;1.334
1057.8;1.3341
1058.2;1.3349
1058.6;1.3355
1059.1;1.3347
1059.5;1.3323
1059.9;1.3302
1060.4;1.3296
1060.8;1.3298
1061.2;1.329
1061.7;1.3274
1062.1;1.3269
1062.5;1.3275
1063;1.3279
1063.4;1.3284
1063.8;1.3292
1064.3;1.3296
1064.7;1.3296
1065.2;1.3305
1065.6;1.3322
1066;1.3325
1066.5;1.3316
1066.9;1.3307
1067.4;1.3306
1067.8;1.3315
1068.2;1.3323
1068.7;1.3316
1069.1;1.3318
1069.6;1.3341
1070;1.3356
1070.4;1.3344
1070.9;1.333
1071.3;1.3331
1071.8;1.3345
1072.2;1.3362
1072.7;1.3366
1073.1;1.3351
1073.5;1.3337
1074;1.3337
1074.4;1.3341
1074.9;1.3337
1075.3;1.3336
1075.8;1.3343
1076.2;1.3353
1076.7;1.3365
1077.1;1.3373
1077.6;1.3373
1078;1.3372
1078.5;1.337
1078.9;1.3378
1079.3;1.3401
1079.8;1.3417
1080.2;1.3404
1080.7;1.3379
1081.2;1.3358
1081.6;1.3357
1082.1;1.3374
1082.5;1.3382
1083;1.3377
1083.4;1.3384
1083.9;1.3411
1084.3;1.3439
1084.8;1.3445
1085.2;1.3432
1085.7;1.3422
1086.1;1.343
1086.6;1.3441
1087;1.3445
1087.5;1.3442
1088;1.3435
1088.4;1.3431
1088.9;1.3436
1089.3;1.345
1089.8;1.3455
1090.2;1.3451
1090.7;1.3455
1091.2;1.3463
1091.6;1.3466
1092.1;1.3466
1092.5;1.3469
1093;1.3477
1093.5;1.3492
1093.9;1.3503
1094.4;1.3496
1094.8;1.3491
1095.3;1.3505
1095.8;1.3516
1096.2;1.352
1096.7;1.3529
1097.2;1.3536
1097.6;1.3531
1098.1;1.3529
1098.6;1.3538
1099;1.3548
1099.5;1.3548
1100;1.3543
1100.4;1.3544
1100.9;1.3548
1101.4;1.3553
1101.8;1.3564
1102.3;1.3576
1102.8;1.3585
1103.2;1.3591
1103.7;1.3591
1104.2;1.3591
1104.6;1.36
1105.1;1.3612
1105.6;1.3616
1106.1;1.361
1106.5;1.36
1107;1.3597
1107.5;1.3606
1107.9;1.3617
1108.4;1.3625
1108.9;1.3635
1109.4;1.3644
1109.8;1.3652
1110.3;1.3661
1110.8;1.3659
1111.3;1.3647
1111.7;1.3645
1112.2;1.3661
1112.7;1.3679
1113.2;1.3691
1113.7;1.3703
1114.1;1.3704
1114.6;1.3695
1115.1;1.369
1115.6;1.3699
1116.1;1.3712
1116.5;1.3724
1117;1.3741
1117.5;1.3759
1118;1.3759
1118.5;1.3749
1118.9;1.3752
1119.4;1.3764
1119.9;1.3772
1120.4;1.378
1120.9;1.3793
1121.4;1.3805
1121.9;1.3816
1122.3;1.3828
1122.8;1.384
1123.3;1.3839
1123.8;1.3822
1124.3;1.3811
1124.8;1.3823
1125.3;1.3853
1125.7;1.3883
1126.2;1.3897
1126.7;1.3892
1127.2;1.3888
1127.7;1.3899
1128.2;1.3918
1128.7;1.3936
1129.2;1.3949
1129.7;1.3963
1130.2;1.3983
1130.7;1.4005
1131.2;1.4026
1131.6;1.4048
1132.1;1.407
1132.6;1.4091
1133.1;1.4113
1133.6;1.4131
1134.1;1.4148
1134.6;1.4174
1135.1;1.4206
1135.6;1.4238
1136.1;1.4265
1136.6;1.4301
1137.1;1.4342
1137.6;1.4364
1138.1;1.4365
1138.6;1.4369
1139.1;1.4395
1139.6;1.4439
1140.1;1.4482
1140.6;1.4517
1141.1;1.4551
1141.6;1.4588
1142.1;1.4625
1142.6;1.4662
1143.1;1.4697
1143.6;1.4725
1144.1;1.4746
1144.6;1.4769
1145.1;1.4799
1145.6;1.4833
1146.2;1.4863
1146.7;1.4891
1147.2;1.4913
1147.7;1.4926
1148.2;1.4947
1148.7;1.4991
1149.2;1.5037
1149.7;1.5063
1150.2;1.5067
1150.7;1.5075
1151.2;1.5102
1151.8;1.5131
1152.3;1.515
1152.8;1.5169
1153.3;1.5194
1153.8;1.5214
1154.3;1.5221
1154.8;1.5227
1155.3;1.5252
1155.9;1.5286
1156.4;1.5309
1156.9;1.5318
1157.4;1.5325
1157.9;1.5335
1158.4;1.5346
1159;1.5358
1159.5;1.5367
1160;1.5375
1160.5;1.5394
1161;1.5419
1161.6;1.5428
1162.1;1.5424
1162.6;1.5431
1163.1;1.5454
1163.6;1.5478
1164.2;1.5487
1164.7;1.5493
1165.2;1.5517
1165.7;1.555
1166.3;1.557
1166.8;1.5587
1167.3;1.5607
1167.8;1.5615
1168.4;1.5604
1168.9;1.559
1169.4;1.5587
1169.9;1.5597
1170.5;1.5613
1171;1.5628
1171.5;1.5648
1172.1;1.5675
1172.6;1.5691
1173.1;1.5682
1173.7;1.5666
1174.2;1.5665
1174.7;1.5681
1175.2;1.5706
1175.8;1.5728
1176.3;1.5744
1176.8;1.5751
1177.4;1.575
1177.9;1.5755
1178.5;1.5755
1179;1.5746
1179.5;1.5743
1180.1;1.5756
1180.6;1.5774
1181.1;1.579
1181.7;1.5804
1182.2;1.5811
1182.8;1.5805
1183.3;1.5806
1183.8;1.5827
1184.4;1.5855
1184.9;1.5876
1185.5;1.5883
1186;1.5874
1186.5;1.5861
1187.1;1.5857
1187.6;1.5861
1188.2;1.5875
1188.7;1.589
1189.3;1.5899
1189.8;1.5903
1190.4;1.5911
1190.9;1.5926
1191.5;1.5935
1192;1.5929
1192.5;1.5922
1193.1;1.5931
1193.6;1.5954
1194.2;1.5976
1194.7;1.5984
1195.3;1.5978
1195.8;1.5972
1196.4;1.5975
1197;1.5977
1197.5;1.5969
1198.1;1.5959
1198.6;1.5953
1199.2;1.5944
1199.7;1.5941
1200.3;1.595
1200.8;1.5962
1201.4;1.5966
1201.9;1.5962
1202.5;1.5956
1203.1;1.5954
1203.6;1.5967
1204.2;1.5983
1204.7;1.598
1205.3;1.5961
1205.9;1.5952
1206.4;1.5955
1207;1.5953
1207.5;1.5943
1208.1;1.5935
1208.7;1.5934
1209.2;1.594
1209.8;1.5948
1210.4;1.5956
1210.9;1.5967
1211.5;1.5967
1212.1;1.5958
1212.6;1.595
1213.2;1.5947
1213.8;1.595
1214.3;1.5957
1214.9;1.5961
1215.5;1.5958
1216;1.595
1216.6;1.5944
1217.2;1.5947
1217.8;1.5961
1218.3;1.5967
1218.9;1.5955
1219.5;1.5941
1220;1.5938
1220.6;1.5934
1221.2;1.5918
1221.8;1.591
1222.3;1.5919
1222.9;1.5928
1223.5;1.5919
1224.1;1.5902
1224.7;1.5895
1225.2;1.5895
1225.8;1.5898
1226.4;1.5905
1227;1.5908
1227.6;1.5906
1228.1;1.5902
1228.7;1.59
1229.3;1.5898
1229.9;1.5891
1230.5;1.5881
1231.1;1.5873
1231.6;1.5867
1232.2;1.5862
1232.8;1.5866
1233.4;1.588
1234;1.5891
1234.6;1.5891
1235.2;1.5888
1235.7;1.5888
1236.3;1.5886
1236.9;1.588
1237.5;1.5877
1238.1;1.5879
1238.7;1.5877
1239.3;1.5873
1239.9;1.5871
1240.5;1.5869
1241.1;1.5866
1241.7;1.5869
1242.3;1.5872
1242.9;1.587
1243.5;1.5865
1244;1.5862
1244.6;1.5857
1245.2;1.5852
1245.8;1.5852
1246.4;1.5852
1247;1.5852
1247.6;1.5856
1248.2;1.586
1248.8;1.5862
1249.4;1.5859
1250;1.5849
1250.7;1.5837
1251.3;1.5828
1251.9;1.5822
1252.5;1.5821
1253.1;1.5827
1253.7;1.583
1254.3;1.5826
1254.9;1.5825
1255.5;1.5823
1256.1;1.5819
1256.7;1.5819
1257.3;1.5828
1257.9;1.5838
1258.5;1.5843
1259.2;1.5837
1259.8;1.5826
1260.4;1.5819
1261;1.582
1261.6;1.5827
1262.2;1.5837
1262.8;1.5844
1263.4;1.5843
1264.1;1.5845
1264.7;1.5854
1265.3;1.5853
1265.9;1.5845
1266.5;1.5846
1267.2;1.5851
1267.8;1.5854
1268.4;1.586
1269;1.5871
1269.6;1.5877
1270.3;1.5873
1270.9;1.5867
1271.5;1.5868
1272.1;1.5876
1272.8;1.5884
1273.4;1.5891
1274;1.5896
1274.6;1.5899
1275.3;1.5903
1275.9;1.5907
1276.5;1.5909
1277.1;1.591
1277.8;1.5911
1278.4;1.5913
1279;1.592
1279.7;1.5929
1280.3;1.5935
1280.9;1.5941
1281.6;1.5948
1282.2;1.5955
1282.8;1.5963
1283.5;1.5972
1284.1;1.5978
1284.7;1.5981
1285.4;1.5982
1286;1.599
1286.6;1.6003
1287.3;1.6012
1287.9;1.6017
1288.6;1.6028
1289.2;1.6042
1289.8;1.6048
1290.5;1.6053
1291.1;1.6063
1291.8;1.6073
1292.4;1.6083
1293.1;1.6094
1293.7;1.6105
1294.4;1.6116
1295;1.613
1295.7;1.6142
1296.3;1.6152
1296.9;1.6164
1297.6;1.6182
1298.2;1.6197
1298.9;1.6209
1299.5;1.6225
1300.2;1.6244
1300.9;1.6257
1301.5;1.6267
1302.2;1.6287
1302.8;1.6312
1303.5;1.6333
1304.1;1.6354
1304.8;1.6374
1305.4;1.6384
1306.1;1.6386
1306.8;1.6394
1307.4;1.6411
1308.1;1.6435
1308.7;1.6461
1309.4;1.649
1310.1;1.652
1310.7;1.6546
1311.4;1.6568
1312;1.6585
1312.7;1.6605
1313.4;1.6633
1314;1.6662
1314.7;1.6685
1315.4;1.6706
1316;1.6723
1316.7;1.6738
1317.4;1.6759
1318;1.6788
1318.7;1.6823
1319.4;1.6856
1320.1;1.6881
1320.7;1.6903
1321.4;1.693
1322.1;1.6965
1322.8;1.7003
1323.4;1.7039
1324.1;1.7075
1324.8;1.7105
1325.5;1.7129
1326.1;1.7157
1326.8;1.7192
1327.5;1.7232
1328.2;1.7272
1328.9;1.7308
1329.5;1.734
1330.2;1.7372
1330.9;1.7403
1331.6;1.7438
1332.3;1.7479
1333;1.7518
1333.6;1.7551
1334.3;1.7586
1335;1.7617
1335.7;1.7644
1336.4;1.7681
1337.1;1.7734
1337.8;1.7783
1338.5;1.7818
1339.2;1.7848
1339.8;1.788
1340.5;1.7916
1341.2;1.7954
1341.9;1.799
1342.6;1.8026
1343.3;1.8053
1344;1.8068
1344.7;1.8087
1345.4;1.812
1346.1;1.816
1346.8;1.82
1347.5;1.8233
1348.2;1.8259
1348.9;1.8288
1349.6;1.8328
1350.3;1.8364
1351;1.8391
1351.7;1.8417
1352.4;1.845
1353.1;1.8487
1353.8;1.8524
1354.5;1.8554
1355.3;1.8582
1356;1.8609
1356.7;1.8632
1357.4;1.8658
1358.1;1.8699
1358.8;1.8737
1359.5;1.876
1360.2;1.8782
1360.9;1.8817
1361.7;1.885
1362.4;1.8866
1363.1;1.8881
1363.8;1.8915
1364.5;1.8955
1365.2;1.8989
1366;1.9034
1366.7;1.9091
1367.4;1.9145
1368.1;1.9194
1368.8;1.9246
1369.6;1.9296
1370.3;1.9339
1371;1.9385
1371.7;1.9445
1372.5;1.9513
1373.2;1.9583
1373.9;1.9657
1374.7;1.9735
1375.4;1.9818
1376.1;1.9908
1376.8;2.0001
1377.6;2.009
1378.3;2.0185
1379;2.03
1379.8;2.0427
1380.5;2.0546
1381.2;2.0662
1382;2.0786
1382.7;2.0913
1383.5;2.1044
1384.2;2.1193
1384.9;2.1362
1385.7;2.1537
1386.4;2.1727
1387.2;2.1946
1387.9;2.2157
1388.6;2.2326
1389.4;2.2484
1390.1;2.2677
1390.9;2.2906
1391.6;2.3136
1392.4;2.3357
1393.1;2.3579
1393.9;2.3796
1394.6;2.4008
1395.4;2.4231
1396.1;2.4479
1396.9;2.4719
1397.6;2.4902
1398.4;2.5071
1399.1;2.5277
1399.9;2.5501
1400.6;2.5724
1401.4;2.5934
1402.2;2.6145
1402.9;2.6372
1403.7;2.6543
1404.4;2.6646
1405.2;2.6781
1406;2.6983
1406.7;2.7216
1407.5;2.7418
1408.3;2.7525
1409;2.7623
1409.8;2.7829
1410.6;2.8064
1411.3;2.8206
1412.1;2.8269
1412.9;2.8301
1413.6;2.836
1414.4;2.8505
1415.2;2.8648
1415.9;2.8657
1416.7;2.8673
1417.5;2.8833
1418.3;2.9024
1419;2.9094
1419.8;2.9066
1420.6;2.9088
1421.4;2.9258
1422.2;2.9502
1422.9;2.9697
1423.7;2.9804
1424.5;2.9824
1425.3;2.9739
1426.1;2.9613
1426.9;2.9628
1427.6;2.9799
1428.4;2.9952
1429.2;3.0084
1430;3.023
1430.8;3.0243
1431.6;3.0098
1432.4;3.0084
1433.2;3.0337
1434;3.061
1434.8;3.067
1435.5;3.0664
1436.3;3.0719
1437.1;3.0812
1437.9;3.082
1438.7;3.0755
1439.5;3.0763
1440.3;3.088
1441.1;3.098
1441.9;3.0957
1442.7;3.0939
1443.5;3.0882
1444.3;3.0744
1445.1;3.0643
1446;3.0559
1446.8;3.0598
1447.6;3.0862
1448.4;3.1113
1449.2;3.1102
1450;3.0971
1450.8;3.0918
1451.6;3.0942
1452.4;3.1055
1453.2;3.1254
1454.1;3.138
1454.9;3.1283
1455.7;3.1081
1456.5;3.0934
1457.3;3.0885
1458.2;3.0934
1459;3.0972
1459.8;3.1017
1460.6;3.1102
1461.4;3.1133
1462.3;3.1027
1463.1;3.0895
1463.9;3.0883
1464.7;3.0978
1465.6;3.1155
1466.4;3.1353
1467.2;3.1328
1468.1;3.1025
1468.9;3.075
1469.7;3.0736
1470.6;3.0901
1471.4;3.0966
1472.2;3.0857
1473.1;3.0702
1473.9;3.0609
1474.7;3.0638
1475.6;3.0734
1476.4;3.0818
1477.3;3.0815
1478.1;3.0664
1478.9;3.0463
1479.8;3.0436
1480.6;3.0544
1481.5;3.0574
1482.3;3.0476
1483.2;3.0376
1484;3.0284
1484.9;3.0147
1485.7;3.0019
1486.6;2.9978
1487.4;2.9994
1488.3;2.9996
1489.1;2.9941
1490;2.9833
1490.9;2.9769
1491.7;2.9785
1492.6;2.9763
1493.4;2.964
1494.3;2.953
1495.2;2.9486
1496;2.9452
1496.9;2.9398
1497.7;2.9373
1498.6;2.9358
1499.5;2.9316
1500.3;2.9259
1501.2;2.92
1502.1;2.9144
1503;2.9051
1503.8;2.8902
1504.7;2.8794
1505.6;2.8782
1506.4;2.8755
1507.3;2.8638
1508.2;2.8522
1509.1;2.8452
1510;2.8393
1510.8;2.8357
1511.7;2.8348
1512.6;2.8298
1513.5;2.8171
1514.4;2.8045
1515.3;2.7995
1516.1;2.7978
1517;2.795
1517.9;2.7941
1518.8;2.7936
1519.7;2.7892
1520.6;2.7826
1521.5;2.7744
1522.4;2.762
1523.3;2.7497
1524.2;2.7438
1525.1;2.7429
1526;2.7414
1526.9;2.7379
1527.8;2.7332
1528.7;2.7286
1529.6;2.7244
1530.5;2.7172
1531.4;2.7059
1532.3;2.6961
1533.2;2.689
1534.1;2.6827
1535;2.6772
1535.9;2.6686
1536.8;2.657
1537.7;2.6488
1538.6;2.6437
1539.5;2.6386
1540.5;2.6345
1541.4;2.6321
1542.3;2.6286
1543.2;2.6221
1544.1;2.6142
1545.1;2.6052
1546;2.5966
1546.9;2.5933
1547.8;2.5937
1548.7;2.5922
1549.7;2.5869
1550.6;2.578
1551.5;2.5704
1552.5;2.5668
1553.4;2.5619
1554.3;2.5558
1555.2;2.5521
1556.2;2.548
1557.1;2.5428
1558.1;2.5399
1559;2.5368
1559.9;2.5292
1560.9;2.5196
1561.8;2.5129
1562.7;2.5077
1563.7;2.5017
1564.6;2.498
1565.6;2.4978
1566.5;2.4987
1567.5;2.4973
1568.4;2.4899
1569.4;2.4801
1570.3;2.4731
1571.3;2.4689
1572.2;2.4661
1573.2;2.4638
1574.1;2.4613
1575.1;2.458
1576;2.4536
1577;2.4495
1578;2.4464
1578.9;2.4423
1579.9;2.4355
1580.9;2.4286
1581.8;2.4233
1582.8;2.4194
1583.7;2.4172
1584.7;2.4158
1585.7;2.4132
1586.7;2.4102
1587.6;2.4082
1588.6;2.4054
1589.6;2.3997
1590.6;2.3936
1591.5;2.389
1592.5;2.385
1593.5;2.3818
1594.5;2.3798
1595.4;2.3765
1596.4;2.3717
1597.4;2.3689
1598.4;2.3675
1599.4;2.3642
1600.4;2.3601
1601.4;2.3581
1602.3;2.3573
1603.3;2.356
1604.3;2.3534
1605.3;2.3504
1606.3;2.348
1607.3;2.346
1608.3;2.3442
1609.3;2.342
1610.3;2.3383
1611.3;2.334
1612.3;2.3313
1613.3;2.3289
1614.3;2.3247
1615.3;2.321
1616.3;2.3202
1617.3;2.3197
1618.4;2.3178
1619.4;2.3153
1620.4;2.3125
1621.4;2.3102
1622.4;2.3087
1623.4;2.308
1624.4;2.307
1625.5;2.3046
1626.5;2.3005
1627.5;2.2965
1628.5;2.2938
1629.5;2.2919
1630.6;2.2907
1631.6;2.2895
1632.6;2.2875
1633.6;2.2851
1634.7;2.2832
1635.7;2.282
1636.7;2.2815
1637.8;2.2815
1638.8;2.281
1639.8;2.28
1640.9;2.278
1641.9;2.2747
1643;2.2712
1644;2.2684
1645;2.2672
1646.1;2.267
1647.1;2.2662
1648.2;2.2643
1649.2;2.2626
1650.3;2.2621
1651.3;2.2613
1652.4;2.259
1653.4;2.2572
1654.5;2.2576
1655.6;2.2587
1656.6;2.2589
1657.7;2.2582
1658.7;2.2575
1659.8;2.2572
1660.9;2.2571
1661.9;2.2571
1663;2.2577
1664.1;2.2586
1665.1;2.2588
1666.2;2.2582
1667.3;2.2569
1668.3;2.2561
1669.4;2.2563
1670.5;2.2565
1671.6;2.2571
1672.6;2.2589
1673.7;2.2612
1674.8;2.2635
1675.9;2.2648
1677;2.2648
1678.1;2.2646
1679.1;2.2649
1680.2;2.2656
1681.3;2.2666
1682.4;2.2688
1683.5;2.2719
1684.6;2.2746
1685.7;2.2766
1686.8;2.2792
1687.9;2.2815
1689;2.2835
1690.1;2.2863
1691.2;2.2885
1692.3;2.289
1693.4;2.2891
1694.5;2.2888
1695.6;2.2885
1696.7;2.2897
1697.8;2.2917
1699;2.2935
1700.1;2.2947
1701.2;2.2966
1702.3;2.2995
1703.4;2.3008
1704.5;2.3002
1705.7;2.3007
1706.8;2.3025
1707.9;2.3038
1709;2.3049
1710.2;2.307
1711.3;2.3098
1712.4;2.3124
1713.5;2.3152
1714.7;2.3185
1715.8;2.3211
1717;2.3225
1718.1;2.3234
1719.2;2.3247
1720.4;2.3275
1721.5;2.332
1722.7;2.3358
1723.8;2.3383
1724.9;2.3413
1726.1;2.3447
1727.2;2.3469
1728.4;2.3475
1729.6;2.3487
1730.7;2.3513
1731.9;2.3544
1733;2.3563
1734.2;2.3569
1735.3;2.3579
1736.5;2.3606
1737.7;2.364
1738.8;2.3668
1740;2.3691
1741.2;2.3715
1742.3;2.3741
1743.5;2.3773
1744.7;2.3807
1745.9;2.3841
1747;2.3871
1748.2;2.3892
1749.4;2.3909
1750.6;2.3931
1751.8;2.3954
1752.9;2.3968
1754.1;2.3983
1755.3;2.4018
1756.5;2.4068
1757.7;2.4114
1758.9;2.4155
1760.1;2.4191
1761.3;2.4223
1762.5;2.4244
1763.7;2.4259
1764.9;2.4282
1766.1;2.4306
1767.3;2.4319
1768.5;2.4341
1769.7;2.4372
1770.9;2.4401
1772.1;2.4429
1773.3;2.4448
1774.5;2.4467
1775.8;2.4496
1777;2.4511
1778.2;2.4495
1779.4;2.4466
1780.6;2.4456
1781.9;2.4479
1783.1;2.4506
1784.3;2.4519
1785.5;2.4528
1786.8;2.4538
1788;2.4556
1789.2;2.458
1790.5;2.4585
1791.7;2.4572
1792.9;2.4556
1794.2;2.4539
1795.4;2.4534
1796.7;2.4536
1797.9;2.4518
1799.2;2.4497
1800.4;2.4491
1801.7;2.4481
1802.9;2.4474
1804.2;2.4473
1805.4;2.4459
1806.7;2.4447
1807.9;2.4453
1809.2;2.4457
1810.5;2.4448
1811.7;2.4435
1813;2.4429
1814.3;2.4424
1815.5;2.4418
1816.8;2.4424
1818.1;2.4436
1819.4;2.4433
1820.6;2.4416
1821.9;2.4397
1823.2;2.4391
1824.5;2.44
1825.8;2.4415
1827.1;2.443
1828.3;2.4451
1829.6;2.447
1830.9;2.4478
1832.2;2.4496
1833.5;2.4522
1834.8;2.4529
1836.1;2.4532
1837.4;2.456
1838.7;2.4587
1840;2.4595
1841.3;2.4615
1842.6;2.4663
1844;2.4713
1845.3;2.476
1846.6;2.4832
1847.9;2.4931
1849.2;2.5038
1850.5;2.5145
1851.9;2.5242
1853.2;2.533
1854.5;2.544
1855.8;2.559
1857.2;2.5768
1858.5;2.5958
1859.8;2.6155
1861.2;2.6357
1862.5;2.6544
1863.8;2.6721
1865.2;2.694
1866.5;2.7195
1867.9;2.7459
1869.2;2.774
1870.6;2.8049
1871.9;2.8374
1873.3;2.8728
1874.6;2.9124
1876;2.9543
1877.3;2.9972
1878.7;3.0413
1880.1;3.0803
1881.4;3.1134
1882.8;3.1466
1884.2;3.1825
1885.5;3.2212
1886.9;3.2599
1888.3;3.2921
1889.6;3.3164
1891;3.344
1892.4;3.3817
1893.8;3.4115
1895.2;3.4281
1896.6;3.4302
1897.9;3.4171
1899.3;3.3942
1900.7;3.3913
1902.1;3.4282
1903.5;3.4773
1904.9;3.4792
1906.3;3.4379
1907.7;3.4243
1909.1;3.4582
1910.5;3.5102
1911.9;3.5333
1913.4;3.5221
1914.8;3.5141
1916.2;3.5297
1917.6;3.5391
1919;3.5221
1920.4;3.4931
1921.9;3.4745
1923.3;3.454
1924.7;3.4345
1926.1;3.4345
1927.6;3.4635
1929;3.4851
1930.5;3.4671
1931.9;3.4476
1933.3;3.456
1934.8;3.4795
1936.2;3.4757
1937.7;3.4557
1939.1;3.4621
1940.6;3.4819
1942;3.4771
1943.5;3.4686
1944.9;3.4764
1946.4;3.4809
1947.9;3.4891
1949.3;3.4977
1950.8;3.489
1952.3;3.4833
1953.7;3.4772
1955.2;3.4531
1956.7;3.4329
1958.2;3.436
1959.6;3.4457
1961.1;3.4479
1962.6;3.4437
1964.1;3.4524
1965.6;3.4558
1967.1;3.4474
1968.6;3.4442
1970.1;3.4377
1971.6;3.4215
1973.1;3.4194
1974.6;3.4147
1976.1;3.4019
1977.6;3.4116
1979.1;3.4318
1980.6;3.4337
1982.1;3.4271
1983.6;3.4103
1985.1;3.3885
1986.7;3.3834
1988.2;3.4129
1989.7;3.4522
1991.2;3.4608
1992.8;3.4423
1994.3;3.4303
1995.8;3.4131
1997.4;3.3833
1998.9;3.3673
2000.5;3.38
2002;3.4015
2003.6;3.4013
2005.1;3.399
2006.7;3.4236
2008.2;3.4525
2009.8;3.4416
2011.3;3.4101
2012.9;3.3708
2014.5;3.3368
2016;3.3333
2017.6;3.3546
2019.2;3.3574
2020.7;3.3368
2022.3;3.3311
2023.9;3.338
2025.5;3.3314
2027.1;3.3241
2028.6;3.3231
2030.2;3.3296
2031.8;3.3531
2033.4;3.365
2035;3.3512
2036.6;3.3437
2038.2;3.3462
2039.8;3.3436
2041.4;3.3247
2043;3.2946
2044.6;3.286
2046.2;3.2953
2047.9;3.2966
2049.5;3.2951
2051.1;3.2998
2052.7;3.2907
2054.4;3.2721
2056;3.2634
2057.6;3.2644
2059.3;3.2654
2060.9;3.2561
2062.5;3.2362
2064.2;3.2203
2065.8;3.2176
2067.5;3.2149
2069.1;3.2126
2070.8;3.2128
2072.4;3.2045
2074.1;3.195
2075.7;3.1904
2077.4;3.171
2079.1;3.1401
2080.7;3.1354
2082.4;3.1624
2084.1;3.183
2085.8;3.1696
2087.4;3.14
2089.1;3.1108
2090.8;3.0955
2092.5;3.097
2094.2;3.107
2095.9;3.1095
2097.6;3.1088
2099.3;3.1178
2101;3.1189
2102.7;3.0967
2104.4;3.0869
2106.1;3.0967
2107.8;3.0905
2109.5;3.0669
2111.2;3.0472
2113;3.0357
2114.7;3.0378
2116.4;3.0547
2118.1;3.0638
2119.9;3.0458
2121.6;3.0203
2123.3;3.0221
2125.1;3.0452
2126.8;3.0502
2128.6;3.0323
2130.3;3.0108
2132.1;2.9916
2133.8;2.9848
2135.6;2.9934
2137.3;3.0076
2139.1;3.01
2140.9;2.9924
2142.6;2.9746
2144.4;2.9696
2146.2;2.974
2148;2.9796
2149.7;2.9761
2151.5;2.9631
2153.3;2.953
2155.1;2.9527
2156.9;2.9571
2158.7;2.9681
2160.5;2.9793
2162.3;2.972
2164.1;2.955
2165.9;2.9468
2167.7;2.9494
2169.5;2.9535
2171.4;2.9509
2173.2;2.9394
2175;2.9355
2176.8;2.9461
2178.7;2.9484
2180.5;2.9357
2182.3;2.9273
2184.2;2.9285
2186;2.9249
2187.8;2.9089
2189.7;2.8928
2191.5;2.883
2193.4;2.8758
2195.3;2.8791
2197.1;2.8825
2199;2.8701
2200.8;2.8596
2202.7;2.859
2204.6;2.8659
2206.5;2.8756
2208.3;2.8871
2210.2;2.8962
2212.1;2.8907
2214;2.8826
2215.9;2.8833
2217.8;2.8839
2219.7;2.8833
2221.6;2.8769
2223.5;2.8602
2225.4;2.8389
2227.3;2.8223
2229.2;2.8167
2231.2;2.8283
2233.1;2.8494
2235;2.8602
2236.9;2.8581
2238.9;2.8523
2240.8;2.8514
2242.7;2.867
2244.7;2.8888
2246.6;2.8931
2248.6;2.8786
2250.5;2.8633
2252.5;2.8613
2254.4;2.8603
2256.4;2.8501
2258.4;2.8412
2260.3;2.8436
2262.3;2.8645
2264.3;2.8967
2266.3;2.9019
2268.2;2.8798
2270.2;2.8674
2272.2;2.8753
2274.2;2.8899
2276.2;2.8969
2278.2;2.9043
2280.2;2.9109
2282.2;2.9083
2284.2;2.8972
2286.2;2.8927
2288.3;2.9002
2290.3;2.9162
2292.3;2.93
2294.3;2.9153
2296.4;2.8841
2298.4;2.885
2300.4;2.9056
2302.5;2.9179
2304.5;2.9221
2306.6;2.911
2308.6;2.8918
2310.7;2.8798
2312.8;2.8817
2314.8;2.8938
2316.9;2.8934
2319;2.8791
2321;2.8641
2323.1;2.8601
2325.2;2.877
2327.3;2.8891
2329.4;2.8566
2331.5;2.8098
2333.6;2.7847
2335.7;2.7755
2337.8;2.7707
2339.9;2.771
2342;2.7903
2344.1;2.8302
2346.2;2.8754
2348.4;2.9047
2350.5;2.8874
2352.6;2.8502
2354.8;2.8471
2356.9;2.8605
2359.1;2.8235
2361.2;2.7818
2363.4;2.755
2365.5;2.7529
2367.7;2.7667
2369.8;2.7664
2372;2.7568
2374.2;2.7492
2376.4;2.7421
2378.5;2.7441
2380.7;2.7251
2382.9;2.7038
2385.1;2.696
2387.3;2.7063
2389.5;2.723
2391.7;2.7315
2393.9;2.7228
2396.1;2.6896
2398.3;2.6563
2400.6;2.6125
2402.8;2.5622
2405;2.5438
2407.2;2.5689
2409.5;2.595
2411.7;2.5526
2414;2.5224
2416.2;2.5646
2418.5;2.6184
2420.7;2.6127
2423;2.5514
2425.3;2.5153
2427.5;2.518
2429.8;2.5155
2432.1;2.4788
2434.4;2.4499
2436.7;2.458
2438.9;2.4708
2441.2;2.4833
2443.5;2.4994
2445.8;2.4874
2448.2;2.4673
2450.5;2.4532
2452.8;2.4099
2455.1;2.3608
2457.4;2.4309
2459.8;2.488
2462.1;2.4317
2464.4;2.3575
2466.8;2.2786
2469.1;2.2588
2471.5;2.2445
2473.9;2.2631
2476.2;2.3293
2478.6;2.295
2481;2.2114
2483.3;2.1288
2485.7;2.1064
2488.1;2.1425
2490.5;2.1738
2492.9;2.1088
2495.3;2.0337
2497.7;2.0528
2500.1;2.0175
