800.43;1.136
800.68;1.1464
800.93;1.1384
801.17;1.1225
801.42;1.1139
801.67;1.1154
801.92;1.1179
802.17;1.118
802.41;1.1181
802.66;1.1204
802.91;1.1172
803.16;1.1121
803.41;1.1204
803.66;1.1327
803.91;1.1207
804.16;1.1019
804.41;1.1058
804.65;1.1333
804.9;1.1546
805.15;1.1429
805.4;1.1222
805.66;1.1186
805.91;1.1254
806.16;1.1385
806.41;1.1549
806.66;1.1567
806.91;1.1475
807.16;1.1403
807.41;1.1353
807.66;1.1385
807.91;1.1469
808.17;1.1428
808.42;1.13
808.67;1.1301
808.92;1.145
809.18;1.1557
809.43;1.1502
809.68;1.1354
809.93;1.1212
810.19;1.1218
810.44;1.1382
810.69;1.1496
810.95;1.1488
811.2;1.1472
811.45;1.1424
811.71;1.1369
811.96;1.1382
812.22;1.1408
812.47;1.1349
812.73;1.1337
812.98;1.1438
813.24;1.1421
813.49;1.1286
813.75;1.1257
814;1.1378
814.26;1.153
814.51;1.1555
814.77;1.1455
815.03;1.1376
815.28;1.1339
815.54;1.1382
815.8;1.1479
816.05;1.1585
816.31;1.1675
816.57;1.1641
816.82;1.1433
817.08;1.1233
817.34;1.1248
817.6;1.1372
817.85;1.1389
818.11;1.1415
818.37;1.1462
818.63;1.1393
818.89;1.1308
819.15;1.1328
819.41;1.1383
819.66;1.1398
819.92;1.1389
820.18;1.1384
820.44;1.1382
820.7;1.1439
820.96;1.1568
821.22;1.1651
821.48;1.1589
821.74;1.1507
822;1.1461
822.26;1.1376
822.52;1.1348
822.79;1.1459
823.05;1.1592
823.31;1.1628
823.57;1.1581
823.83;1.1524
824.09;1.154
824.36;1.1625
824.62;1.1626
824.88;1.1535
825.14;1.1473
825.41;1.1478
825.67;1.1499
825.93;1.1476
826.19;1.1438
826.46;1.1489
826.72;1.1554
826.98;1.1553
827.25;1.1536
827.51;1.1512
827.78;1.1494
828.04;1.1488
828.31;1.1462
828.57;1.1447
828.84;1.1493
829.1;1.1563
829.37;1.1661
829.63;1.1781
829.9;1.1804
830.16;1.1696
830.43;1.1581
830.69;1.1562
830.96;1.1591
831.23;1.1571
831.49;1.1603
831.76;1.1718
832.03;1.1722
832.29;1.1583
832.56;1.149
832.83;1.155
833.1;1.1647
833.36;1.1675
833.63;1.1684
833.9;1.1749
834.17;1.1835
834.44;1.1859
834.71;1.1835
834.98;1.1811
835.24;1.1801
835.51;1.1769
835.78;1.1674
836.05;1.1549
836.32;1.146
836.59;1.1408
836.86;1.1355
837.13;1.1361
837.4;1.1436
837.67;1.1531
837.94;1.1626
838.21;1.168
838.49;1.1697
838.76;1.1674
839.03;1.1599
839.3;1.1524
839.57;1.1521
839.84;1.1614
840.12;1.1728
840.39;1.1737
840.66;1.1692
840.93;1.1712
841.21;1.175
841.48;1.1758
841.75;1.1734
842.03;1.1682
842.3;1.1706
842.57;1.1789
842.85;1.1798
843.12;1.1746
843.4;1.1741
843.67;1.1754
843.94;1.1669
844.22;1.1547
844.49;1.1479
844.77;1.1455
845.04;1.1511
845.32;1.1668
845.6;1.1804
845.87;1.1767
846.15;1.1612
846.42;1.1502
846.7;1.1472
846.98;1.1506
847.25;1.154
847.53;1.1506
847.81;1.1468
848.09;1.1495
848.36;1.1571
848.64;1.166
848.92;1.1747
849.2;1.1805
849.48;1.18
849.75;1.1747
850.03;1.1697
850.31;1.1694
850.59;1.1718
850.87;1.1723
851.15;1.1684
851.43;1.1648
851.71;1.1683
851.99;1.1757
852.27;1.1796
852.55;1.174
852.83;1.161
853.11;1.1542
853.39;1.162
853.67;1.173
853.95;1.1742
854.23;1.1691
854.51;1.1647
854.8;1.161
855.08;1.1567
855.36;1.1562
855.64;1.1627
855.93;1.1691
856.21;1.1707
856.49;1.1689
856.77;1.1634
857.06;1.1588
857.34;1.1605
857.62;1.1658
857.91;1.1709
858.19;1.1754
858.48;1.1758
858.76;1.1704
859.05;1.1658
859.33;1.1725
859.61;1.1835
859.9;1.1862
860.19;1.1822
860.47;1.1798
860.76;1.1837
861.04;1.1849
861.33;1.1759
861.61;1.1649
861.9;1.165
862.19;1.1751
862.47;1.1781
862.76;1.1693
863.05;1.1663
863.34;1.1751
863.62;1.1776
863.91;1.1678
864.2;1.1627
864.49;1.1697
864.78;1.1779
865.06;1.1781
865.35;1.1785
865.64;1.1856
865.93;1.1863
866.22;1.1771
866.51;1.1713
866.8;1.1726
867.09;1.1738
867.38;1.172
867.67;1.1703
867.96;1.1702
868.25;1.171
868.54;1.1724
868.83;1.1744
869.12;1.1753
869.42;1.1747
869.71;1.1734
870;1.1728
870.29;1.172
870.58;1.169
870.88;1.1675
871.17;1.1705
871.46;1.1774
871.75;1.1844
872.05;1.1878
872.34;1.1913
872.63;1.1948
872.93;1.1918
873.22;1.1866
873.52;1.1851
873.81;1.1828
874.11;1.1807
874.4;1.1857
874.7;1.1911
874.99;1.1894
875.29;1.1824
875.58;1.1772
875.88;1.1775
876.17;1.1799
876.47;1.1838
876.77;1.191
877.06;1.1956
877.36;1.1932
877.66;1.1881
877.95;1.1869
878.25;1.1907
878.55;1.1959
878.85;1.199
879.14;1.1982
879.44;1.1926
879.74;1.1855
880.04;1.1822
880.34;1.1847
880.64;1.1913
880.94;1.1953
881.24;1.1966
881.54;1.1995
881.84;1.2004
882.14;1.1965
882.44;1.1915
882.74;1.1909
883.04;1.1947
883.34;1.196
883.64;1.192
883.94;1.1865
884.24;1.1819
884.54;1.1789
884.85;1.1785
885.15;1.1821
885.45;1.1865
885.75;1.1888
886.06;1.195
886.36;1.204
886.66;1.2052
886.96;1.2018
887.27;1.2016
887.57;1.2017
887.88;1.1978
888.18;1.1937
888.48;1.195
888.79;1.2004
889.09;1.2051
889.4;1.2088
889.7;1.2093
890.01;1.2058
890.32;1.2034
890.62;1.2028
890.93;1.2054
891.23;1.2112
891.54;1.213
891.85;1.2103
892.15;1.2081
892.46;1.2067
892.77;1.2023
893.08;1.1968
893.38;1.1967
893.69;1.2002
894;1.2017
894.31;1.201
894.62;1.2021
894.93;1.2034
895.23;1.2021
895.54;1.1985
895.85;1.196
896.16;1.1987
896.47;1.2037
896.78;1.2034
897.09;1.1984
897.4;1.1977
897.71;1.2009
898.02;1.2
898.34;1.1964
898.65;1.1955
898.96;1.1968
899.27;1.1966
899.58;1.1938
899.9;1.1937
900.21;1.1978
900.52;1.2009
900.83;1.2023
901.15;1.2064
901.46;1.2111
901.77;1.2126
902.09;1.2111
902.4;1.2075
902.72;1.2055
903.03;1.207
903.34;1.2066
903.66;1.204
903.97;1.2047
904.29;1.2061
904.6;1.2058
904.92;1.2076
905.24;1.2119
905.55;1.2117
905.87;1.2075
906.19;1.208
906.5;1.2119
906.82;1.2108
907.14;1.2039
907.45;1.1992
907.77;1.2027
908.09;1.2105
908.41;1.2126
908.73;1.2096
909.05;1.2105
909.36;1.2134
909.68;1.2091
910;1.2004
910.32;1.1983
910.64;1.205
910.96;1.2142
911.28;1.2208
911.6;1.2229
911.92;1.221
912.24;1.2183
912.57;1.2148
912.89;1.2116
913.21;1.214
913.53;1.22
913.85;1.2223
914.17;1.2198
914.5;1.2163
914.82;1.2148
915.14;1.2141
915.47;1.2113
915.79;1.2077
916.11;1.208
916.44;1.2112
916.76;1.2147
917.08;1.2169
917.41;1.2159
917.73;1.214
918.06;1.2142
918.38;1.216
918.71;1.2191
919.04;1.2221
919.36;1.222
919.69;1.2197
920.01;1.2181
920.34;1.2175
920.67;1.2186
920.99;1.2197
921.32;1.2165
921.65;1.2148
921.98;1.2188
922.3;1.2224
922.63;1.2257
922.96;1.2292
923.29;1.2257
923.62;1.2176
923.95;1.2149
924.28;1.2196
924.61;1.2255
924.94;1.2276
925.27;1.2293
925.6;1.2315
925.93;1.2309
926.26;1.2314
926.59;1.2326
926.92;1.2288
927.25;1.2246
927.58;1.2266
927.92;1.2343
928.25;1.2413
928.58;1.2417
928.91;1.2381
929.25;1.2344
929.58;1.2321
929.91;1.2328
930.25;1.235
930.58;1.2364
930.91;1.2376
931.25;1.2382
931.58;1.2368
931.92;1.2367
932.25;1.2394
932.59;1.2409
932.92;1.2389
933.26;1.2358
933.6;1.237
933.93;1.2417
934.27;1.2433
934.61;1.2435
934.94;1.2456
935.28;1.2457
935.62;1.2432
935.96;1.2423
936.29;1.2428
936.63;1.2416
936.97;1.2388
937.31;1.2385
937.65;1.2428
937.99;1.2456
938.33;1.243
938.67;1.2418
939.01;1.2453
939.35;1.247
939.69;1.2457
940.03;1.2491
940.37;1.257
940.71;1.2587
941.05;1.2515
941.39;1.245
941.74;1.2465
942.08;1.2531
942.42;1.256
942.76;1.2536
943.11;1.2529
943.45;1.2543
943.79;1.2564
944.14;1.2591
944.48;1.2593
944.82;1.2587
945.17;1.2592
945.51;1.2605
945.86;1.2628
946.2;1.2644
946.55;1.2646
946.89;1.2644
947.24;1.2647
947.59;1.2665
947.93;1.2673
948.28;1.2663
948.63;1.2651
948.97;1.2648
949.32;1.2679
949.67;1.2743
950.02;1.2775
950.37;1.2758
950.71;1.2735
951.06;1.2722
951.41;1.2706
951.76;1.2695
952.11;1.2714
952.46;1.275
952.81;1.2782
953.16;1.2815
953.51;1.2852
953.86;1.2884
954.21;1.29
954.56;1.2893
954.92;1.2874
955.27;1.2877
955.62;1.2915
955.97;1.2951
956.33;1.2958
956.68;1.2953
957.03;1.2949
957.38;1.2951
957.74;1.2957
958.09;1.2963
958.45;1.2966
958.8;1.2988
959.16;1.3031
959.51;1.3053
959.87;1.305
960.22;1.3042
960.58;1.3042
960.93;1.3069
961.29;1.31
961.65;1.3113
962;1.3121
962.36;1.3123
962.72;1.3111
963.07;1.3086
963.43;1.3086
963.79;1.3116
964.15;1.3136
964.51;1.3122
964.87;1.3099
965.23;1.3095
965.59;1.3112
965.95;1.3131
966.31;1.3139
966.67;1.3137
967.03;1.3144
967.39;1.3175
967.75;1.3216
968.11;1.3224
968.47;1.3192
968.83;1.3173
969.2;1.3185
969.56;1.3189
969.92;1.3176
970.28;1.3175
970.65;1.3177
971.01;1.3181
971.37;1.321
971.74;1.3254
972.1;1.3276
972.47;1.3264
972.83;1.3227
973.2;1.3193
973.56;1.3186
973.93;1.3203
974.29;1.3209
974.66;1.32
975.03;1.3207
975.39;1.3234
975.76;1.3262
976.13;1.3279
976.5;1.3277
976.86;1.3258
977.23;1.3242
977.6;1.3251
977.97;1.3264
978.34;1.3236
978.71;1.319
979.08;1.3194
979.45;1.324
979.82;1.3261
980.19;1.3251
980.56;1.3249
980.93;1.3255
981.3;1.3251
981.67;1.3248
982.04;1.3241
982.42;1.3218
982.79;1.3223
983.16;1.3264
983.53;1.33
983.91;1.3327
984.28;1.3329
984.66;1.3288
985.03;1.3263
985.4;1.3286
985.78;1.33
986.15;1.3277
986.53;1.3271
986.9;1.3288
987.28;1.3294
987.66;1.3296
988.03;1.33
988.41;1.3302
988.79;1.3313
989.16;1.3321
989.54;1.3318
989.92;1.3318
990.3;1.3318
990.68;1.3306
991.05;1.3283
991.43;1.3272
991.81;1.328
992.19;1.3283
992.57;1.3281
992.95;1.329
993.33;1.3301
993.71;1.3316
994.09;1.3322
994.48;1.3299
994.86;1.3274
995.24;1.3262
995.62;1.3261
996;1.3277
996.39;1.33
996.77;1.331
997.15;1.331
997.54;1.3293
997.92;1.3259
998.3;1.3249
998.69;1.3273
999.07;1.3297
999.46;1.3301
999.84;1.3293
1000.2;1.3275
1000.6;1.3257
1001;1.326
1001.4;1.3273
1001.8;1.3272
1002.2;1.3273
1002.6;1.3268
1002.9;1.3255
1003.3;1.3265
1003.7;1.3287
1004.1;1.3296
1004.5;1.3293
1004.9;1.3273
1005.3;1.324
1005.7;1.3243
1006.1;1.3291
1006.4;1.332
1006.8;1.3316
1007.2;1.3294
1007.6;1.3253
1008;1.3228
1008.4;1.3248
1008.8;1.3285
1009.2;1.3302
1009.6;1.3294
1010;1.3264
1010.4;1.3241
1010.8;1.3251
1011.2;1.3249
1011.5;1.3218
1011.9;1.3205
1012.3;1.3212
1012.7;1.3215
1013.1;1.3214
1013.5;1.3218
1013.9;1.3234
1014.3;1.3248
1014.7;1.3247
1015.1;1.3243
1015.5;1.3245
1015.9;1.3244
1016.3;1.3237
1016.7;1.3227
1017.1;1.3217
1017.5;1.3204
1017.9;1.3191
1018.3;1.3186
1018.7;1.3187
1019.1;1.3183
1019.5;1.3179
1019.9;1.3186
1020.3;1.3199
1020.7;1.3197
1021.1;1.3183
1021.5;1.317
1021.9;1.3163
1022.3;1.3171
1022.7;1.3186
1023.1;1.3195
1023.5;1.32
1023.9;1.32
1024.3;1.3188
1024.7;1.3174
1025.1;1.3175
1025.6;1.318
1026;1.3184
1026.4;1.3186
1026.8;1.3176
1027.2;1.3151
1027.6;1.3141
1028;1.3156
1028.4;1.3164
1028.8;1.3156
1029.2;1.3149
1029.6;1.3142
1030;1.3137
1030.4;1.3141
1030.9;1.3149
1031.3;1.3144
1031.7;1.3129
1032.1;1.3114
1032.5;1.3105
1032.9;1.311
1033.3;1.3125
1033.7;1.3132
1034.1;1.3124
1034.6;1.3113
1035;1.3112
1035.4;1.3116
1035.8;1.3109
1036.2;1.3091
1036.6;1.3087
1037;1.3092
1037.5;1.3092
1037.9;1.309
1038.3;1.309
1038.7;1.3103
1039.1;1.3115
1039.5;1.3097
1040;1.3069
1040.4;1.3069
1040.8;1.3091
1041.2;1.3106
1041.6;1.3111
1042;1.3106
1042.5;1.3091
1042.9;1.3089
1043.3;1.3101
1043.7;1.31
1044.1;1.3094
1044.6;1.3104
1045;1.311
1045.4;1.3092
1045.8;1.307
1046.2;1.3068
1046.7;1.308
1047.1;1.3078
1047.5;1.3063
1047.9;1.3058
1048.4;1.3064
1048.8;1.307
1049.2;1.3075
1049.6;1.3079
1050.1;1.3082
1050.5;1.3084
1050.9;1.308
1051.3;1.3069
1051.8;1.305
1052.2;1.3035
1052.6;1.3038
1053;1.3045
1053.5;1.3046
1053.9;1.3052
1054.3;1.3065
1054.8;1.3066
1055.2;1.3048
1055.6;1.303
1056;1.3032
1056.5;1.3041
1056.9;1.3036
1057.3;1.3026
1057.8;1.303
1058.2;1.3044
1058.6;1.3047
1059.1;1.304
1059.5;1.3031
1059.9;1.3028
1060.4;1.3033
1060.8;1.304
1061.2;1.304
1061.7;1.3033
1062.1;1.3014
1062.5;1.3
1063;1.3011
1063.4;1.3027
1063.8;1.3033
1064.3;1.3034
1064.7;1.3029
1065.2;1.3021
1065.6;1.3022
1066;1.302
1066.5;1.3022
1066.9;1.304
1067.4;1.3053
1067.8;1.3046
1068.2;1.3039
1068.7;1.304
1069.1;1.3039
1069.6;1.3043
1070;1.305
1070.4;1.3045
1070.9;1.3032
1071.3;1.303
1071.8;1.3037
1072.2;1.304
1072.7;1.3038
1073.1;1.3043
1073.5;1.3054
1074;1.3062
1074.4;1.3066
1074.9;1.3067
1075.3;1.307
1075.8;1.3077
1076.2;1.308
1076.7;1.3076
1077.1;1.3073
1077.6;1.3069
1078;1.3065
1078.5;1.3068
1078.9;1.3078
1079.3;1.3088
1079.8;1.3091
1080.2;1.3082
1080.7;1.3074
1081.2;1.308
1081.6;1.309
1082.1;1.3098
1082.5;1.3104
1083;1.3103
1083.4;1.3104
1083.9;1.3121
1084.3;1.3136
1084.8;1.3136
1085.2;1.313
1085.7;1.3121
1086.1;1.3098
1086.6;1.3076
1087;1.3079
1087.5;1.3113
1088;1.3144
1088.4;1.3148
1088.9;1.3138
1089.3;1.3137
1089.8;1.3147
1090.2;1.3158
1090.7;1.3163
1091.2;1.3162
1091.6;1.316
1092.1;1.3164
1092.5;1.3165
1093;1.3158
1093.5;1.3158
1093.9;1.3176
1094.4;1.3199
1094.8;1.3212
1095.3;1.3209
1095.8;1.3204
1096.2;1.3211
1096.7;1.3222
1097.2;1.3225
1097.6;1.3217
1098.1;1.3214
1098.6;1.3216
1099;1.3216
1099.5;1.3219
1100;1.3229
1100.4;1.324
1100.9;1.324
1101.4;1.3236
1101.8;1.3242
1102.3;1.3252
1102.8;1.3256
1103.2;1.3263
1103.7;1.3269
1104.2;1.3268
1104.6;1.3272
1105.1;1.3292
1105.6;1.3309
1106.1;1.3307
1106.5;1.3293
1107;1.3288
1107.5;1.3298
1107.9;1.3315
1108.4;1.3334
1108.9;1.3349
1109.4;1.3349
1109.8;1.3341
1110.3;1.3331
1110.8;1.3326
1111.3;1.3338
1111.7;1.3361
1112.2;1.3371
1112.7;1.3362
1113.2;1.3348
1113.7;1.3347
1114.1;1.3357
1114.6;1.3366
1115.1;1.3375
1115.6;1.3379
1116.1;1.338
1116.5;1.3389
1117;1.3403
1117.5;1.3409
1118;1.3413
1118.5;1.3424
1118.9;1.3438
1119.4;1.344
1119.9;1.344
1120.4;1.3451
1120.9;1.3472
1121.4;1.3486
1121.9;1.349
1122.3;1.3491
1122.8;1.3491
1123.3;1.349
1123.8;1.3498
1124.3;1.3511
1124.8;1.3519
1125.3;1.3526
1125.7;1.3531
1126.2;1.3534
1126.7;1.3543
1127.2;1.356
1127.7;1.3577
1128.2;1.3593
1128.7;1.3611
1129.2;1.3631
1129.7;1.3651
1130.2;1.3668
1130.7;1.3688
1131.2;1.3714
1131.6;1.3736
1132.1;1.375
1132.6;1.3771
1133.1;1.38
1133.6;1.3832
1134.1;1.3863
1134.6;1.3891
1135.1;1.3915
1135.6;1.3939
1136.1;1.3966
1136.6;1.3996
1137.1;1.4027
1137.6;1.405
1138.1;1.4067
1138.6;1.4089
1139.1;1.4129
1139.6;1.4176
1140.1;1.4212
1140.6;1.4239
1141.1;1.4266
1141.6;1.43
1142.1;1.4339
1142.6;1.437
1143.1;1.4396
1143.6;1.4428
1144.1;1.4472
1144.6;1.4517
1145.1;1.4552
1145.6;1.4576
1146.2;1.4598
1146.7;1.4621
1147.2;1.4652
1147.7;1.4695
1148.2;1.4732
1148.7;1.4753
1149.2;1.4783
1149.7;1.4831
1150.2;1.4866
1150.7;1.4869
1151.2;1.4865
1151.8;1.4878
1152.3;1.4908
1152.8;1.4944
1153.3;1.497
1153.8;1.4988
1154.3;1.5016
1154.8;1.5048
1155.3;1.5069
1155.9;1.5083
1156.4;1.5099
1156.9;1.5119
1157.4;1.5144
1157.9;1.5164
1158.4;1.5162
1159;1.5153
1159.5;1.5167
1160;1.5203
1160.5;1.5227
1161;1.5235
1161.6;1.5245
1162.1;1.5259
1162.6;1.5267
1163.1;1.5261
1163.6;1.5262
1164.2;1.5281
1164.7;1.5305
1165.2;1.5319
1165.7;1.5327
1166.3;1.5335
1166.8;1.5341
1167.3;1.5355
1167.8;1.5382
1168.4;1.5408
1168.9;1.5416
1169.4;1.5413
1169.9;1.5422
1170.5;1.545
1171;1.5473
1171.5;1.5474
1172.1;1.5464
1172.6;1.5464
1173.1;1.5476
1173.7;1.5493
1174.2;1.5505
1174.7;1.551
1175.2;1.551
1175.8;1.5516
1176.3;1.5533
1176.8;1.5548
1177.4;1.555
1177.9;1.5546
1178.5;1.5553
1179;1.5573
1179.5;1.5594
1180.1;1.5607
1180.6;1.5609
1181.1;1.5604
1181.7;1.5599
1182.2;1.5603
1182.8;1.5617
1183.3;1.563
1183.8;1.5639
1184.4;1.5651
1184.9;1.5663
1185.5;1.5672
1186;1.5688
1186.5;1.5711
1187.1;1.5725
1187.6;1.5726
1188.2;1.5722
1188.7;1.5719
1189.3;1.572
1189.8;1.5728
1190.4;1.5731
1190.9;1.5726
1191.5;1.5724
1192;1.5731
1192.5;1.5739
1193.1;1.5741
1193.6;1.574
1194.2;1.5748
1194.7;1.5766
1195.3;1.5781
1195.8;1.578
1196.4;1.5763
1197;1.5754
1197.5;1.5762
1198.1;1.5771
1198.6;1.577
1199.2;1.5767
1199.7;1.5769
1200.3;1.5778
1200.8;1.5792
1201.4;1.5799
1201.9;1.5789
1202.5;1.5775
1203.1;1.5776
1203.6;1.578
1204.2;1.5771
1204.7;1.5756
1205.3;1.5751
1205.9;1.5755
1206.4;1.5762
1207;1.5762
1207.5;1.5757
1208.1;1.5754
1208.7;1.5752
1209.2;1.5753
1209.8;1.5751
1210.4;1.5734
1210.9;1.5711
1211.5;1.5712
1212.1;1.5733
1212.6;1.5741
1213.2;1.5731
1213.8;1.572
1214.3;1.5713
1214.9;1.5703
1215.5;1.5695
1216;1.5699
1216.6;1.5712
1217.2;1.5712
1217.8;1.5699
1218.3;1.569
1218.9;1.5691
1219.5;1.5699
1220;1.571
1220.6;1.5709
1221.2;1.5692
1221.8;1.5675
1222.3;1.5672
1222.9;1.5671
1223.5;1.5669
1224.1;1.5671
1224.7;1.5675
1225.2;1.5676
1225.8;1.5674
1226.4;1.5663
1227;1.5649
1227.6;1.5642
1228.1;1.5642
1228.7;1.5647
1229.3;1.5651
1229.9;1.5653
1230.5;1.5653
1231.1;1.5649
1231.6;1.5643
1232.2;1.5636
1232.8;1.5629
1233.4;1.5629
1234;1.5632
1234.6;1.5627
1235.2;1.5616
1235.7;1.5612
1236.3;1.5613
1236.9;1.5611
1237.5;1.5608
1238.1;1.5612
1238.7;1.5615
1239.3;1.5612
1239.9;1.5604
1240.5;1.5596
1241.1;1.5597
1241.7;1.5602
1242.3;1.5605
1242.9;1.5604
1243.5;1.5601
1244;1.5594
1244.6;1.5586
1245.2;1.5581
1245.8;1.5579
1246.4;1.5572
1247;1.5563
1247.6;1.5558
1248.2;1.5557
1248.8;1.5553
1249.4;1.5546
1250;1.5544
1250.7;1.5549
1251.3;1.5551
1251.9;1.5545
1252.5;1.5544
1253.1;1.5549
1253.7;1.5551
1254.3;1.5549
1254.9;1.5542
1255.5;1.5526
1256.1;1.5514
1256.7;1.5515
1257.3;1.552
1257.9;1.5517
1258.5;1.5513
1259.2;1.5514
1259.8;1.5518
1260.4;1.552
1261;1.5522
1261.6;1.5528
1262.2;1.5538
1262.8;1.5542
1263.4;1.5538
1264.1;1.5532
1264.7;1.553
1265.3;1.5529
1265.9;1.553
1266.5;1.5533
1267.2;1.5537
1267.8;1.5541
1268.4;1.5546
1269;1.5549
1269.6;1.5551
1270.3;1.5549
1270.9;1.5543
1271.5;1.5544
1272.1;1.5556
1272.8;1.5568
1273.4;1.5573
1274;1.5577
1274.6;1.5583
1275.3;1.5588
1275.9;1.5593
1276.5;1.5601
1277.1;1.5607
1277.8;1.5607
1278.4;1.5605
1279;1.5603
1279.7;1.5604
1280.3;1.5612
1280.9;1.562
1281.6;1.5623
1282.2;1.5622
1282.8;1.5622
1283.5;1.5627
1284.1;1.564
1284.7;1.5663
1285.4;1.5682
1286;1.5688
1286.6;1.5687
1287.3;1.5692
1287.9;1.5702
1288.6;1.5717
1289.2;1.5736
1289.8;1.5747
1290.5;1.5748
1291.1;1.5747
1291.8;1.5753
1292.4;1.5767
1293.1;1.5781
1293.7;1.5791
1294.4;1.58
1295;1.5815
1295.7;1.5835
1296.3;1.5854
1296.9;1.587
1297.6;1.5882
1298.2;1.589
1298.9;1.5897
1299.5;1.5908
1300.2;1.5923
1300.9;1.5939
1301.5;1.5955
1302.2;1.5972
1302.8;1.5988
1303.5;1.6005
1304.1;1.6028
1304.8;1.6053
1305.4;1.6075
1306.1;1.6095
1306.8;1.6116
1307.4;1.6139
1308.1;1.6162
1308.7;1.6186
1309.4;1.6208
1310.1;1.6229
1310.7;1.6253
1311.4;1.6273
1312;1.6291
1312.7;1.6322
1313.4;1.6359
1314;1.6384
1314.7;1.6406
1315.4;1.6437
1316;1.6469
1316.7;1.6494
1317.4;1.652
1318;1.6556
1318.7;1.659
1319.4;1.6616
1320.1;1.6638
1320.7;1.6666
1321.4;1.6705
1322.1;1.6746
1322.8;1.6783
1323.4;1.6811
1324.1;1.6834
1324.8;1.6866
1325.5;1.6909
1326.1;1.6953
1326.8;1.6995
1327.5;1.7033
1328.2;1.707
1328.9;1.7107
1329.5;1.7145
1330.2;1.7188
1330.9;1.7238
1331.6;1.7282
1332.3;1.7313
1333;1.7343
1333.6;1.738
1334.3;1.7425
1335;1.7468
1335.7;1.7497
1336.4;1.7526
1337.1;1.7565
1337.8;1.7605
1338.5;1.7647
1339.2;1.7694
1339.8;1.7742
1340.5;1.7782
1341.2;1.7815
1341.9;1.7855
1342.6;1.7902
1343.3;1.7944
1344;1.7979
1344.7;1.8006
1345.4;1.803
1346.1;1.8063
1346.8;1.8109
1347.5;1.8161
1348.2;1.8206
1348.9;1.8239
1349.6;1.8269
1350.3;1.8302
1351;1.8332
1351.7;1.8357
1352.4;1.8387
1353.1;1.842
1353.8;1.8454
1354.5;1.8483
1355.3;1.8509
1356;1.8538
1356.7;1.858
1357.4;1.8627
1358.1;1.867
1358.8;1.8705
1359.5;1.8733
1360.2;1.876
1360.9;1.8797
1361.7;1.8843
1362.4;1.888
1363.1;1.8907
1363.8;1.8943
1364.5;1.8984
1365.2;1.9019
1366;1.9055
1366.7;1.9103
1367.4;1.9156
1368.1;1.9212
1368.8;1.9276
1369.6;1.934
1370.3;1.9394
1371;1.9447
1371.7;1.952
1372.5;1.961
1373.2;1.9696
1373.9;1.9772
1374.7;1.986
1375.4;1.9963
1376.1;2.0059
1376.8;2.0142
1377.6;2.0226
1378.3;2.033
1379;2.0471
1379.8;2.0628
1380.5;2.0773
1381.2;2.0907
1382;2.1061
1382.7;2.1249
1383.5;2.1453
1384.2;2.1652
1384.9;2.1841
1385.7;2.2032
1386.4;2.2248
1387.2;2.2481
1387.9;2.2706
1388.6;2.2921
1389.4;2.3124
1390.1;2.3321
1390.9;2.3565
1391.6;2.3866
1392.4;2.4144
1393.1;2.4385
1393.9;2.4625
1394.6;2.4839
1395.4;2.5014
1396.1;2.5219
1396.9;2.5481
1397.6;2.5752
1398.4;2.6024
1399.1;2.633
1399.9;2.6603
1400.6;2.6801
1401.4;2.7012
1402.2;2.7256
1402.9;2.7456
1403.7;2.763
1404.4;2.785
1405.2;2.8067
1406;2.8212
1406.7;2.8335
1407.5;2.8502
1408.3;2.8686
1409;2.8854
1409.8;2.903
1410.6;2.9217
1411.3;2.9407
1412.1;2.9598
1412.9;2.9787
1413.6;3.0042
1414.4;3.0323
1415.2;3.0363
1415.9;3.025
1416.7;3.0282
1417.5;3.0433
1418.3;3.054
1419;3.058
1419.8;3.0646
1420.6;3.0828
1421.4;3.0972
1422.2;3.1
1422.9;3.1022
1423.7;3.1098
1424.5;3.1217
1425.3;3.1322
1426.1;3.1439
1426.9;3.1581
1427.6;3.1644
1428.4;3.1617
1429.2;3.1585
1430;3.1545
1430.8;3.1534
1431.6;3.1707
1432.4;3.1915
1433.2;3.1881
1434;3.1748
1434.8;3.1806
1435.5;3.1976
1436.3;3.2054
1437.1;3.2055
1437.9;3.2149
1438.7;3.2284
1439.5;3.2437
1440.3;3.253
1441.1;3.2556
1441.9;3.2684
1442.7;3.2742
1443.5;3.2638
1444.3;3.2546
1445.1;3.2589
1446;3.2765
1446.8;3.2871
1447.6;3.2813
1448.4;3.2707
1449.2;3.2652
1450;3.2658
1450.8;3.2729
1451.6;3.2721
1452.4;3.264
1453.2;3.2597
1454.1;3.2601
1454.9;3.2831
1455.7;3.321
1456.5;3.3378
1457.3;3.3303
1458.2;3.3218
1459;3.3095
1459.8;3.2811
1460.6;3.2663
1461.4;3.2734
1462.3;3.2847
1463.1;3.2977
1463.9;3.3017
1464.7;3.2917
1465.6;3.2696
1466.4;3.2502
1467.2;3.2337
1468.1;3.2335
1468.9;3.2498
1469.7;3.2612
1470.6;3.2566
1471.4;3.2559
1472.2;3.2583
1473.1;3.2394
1473.9;3.2109
1474.7;3.2064
1475.6;3.2243
1476.4;3.2353
1477.3;3.2203
1478.1;3.2055
1478.9;3.2133
1479.8;3.2254
1480.6;3.216
1481.5;3.1899
1482.3;3.1624
1483.2;3.1424
1484;3.139
1484.9;3.1505
1485.7;3.1524
1486.6;3.1365
1487.4;3.1182
1488.3;3.1064
1489.1;3.1044
1490;3.1086
1490.9;3.1186
1491.7;3.1244
1492.6;3.1165
1493.4;3.112
1494.3;3.1185
1495.2;3.1128
1496;3.0951
1496.9;3.0876
1497.7;3.0946
1498.6;3.0999
1499.5;3.0852
1500.3;3.0561
1501.2;3.0349
1502.1;3.0229
1503;3.0149
1503.8;3.0132
1504.7;3.0134
1505.6;3.0022
1506.4;2.9863
1507.3;2.9793
1508.2;2.9801
1509.1;2.9795
1510;2.9729
1510.8;2.9709
1511.7;2.9788
1512.6;2.9827
1513.5;2.9698
1514.4;2.9466
1515.3;2.9262
1516.1;2.9135
1517;2.911
1517.9;2.9169
1518.8;2.9207
1519.7;2.9175
1520.6;2.9103
1521.5;2.8957
1522.4;2.8762
1523.3;2.8608
1524.2;2.8545
1525.1;2.8571
1526;2.8606
1526.9;2.8565
1527.8;2.8446
1528.7;2.8273
1529.6;2.8119
1530.5;2.8075
1531.4;2.8101
1532.3;2.8082
1533.2;2.8001
1534.1;2.7915
1535;2.7817
1535.9;2.7687
1536.8;2.7589
1537.7;2.7555
1538.6;2.7547
1539.5;2.7533
1540.5;2.7497
1541.4;2.744
1542.3;2.7367
1543.2;2.7269
1544.1;2.7148
1545.1;2.7029
1546;2.6936
1546.9;2.6866
1547.8;2.6812
1548.7;2.676
1549.7;2.669
1550.6;2.6627
1551.5;2.6597
1552.5;2.6562
1553.4;2.6484
1554.3;2.6399
1555.2;2.6331
1556.2;2.626
1557.1;2.6189
1558.1;2.6134
1559;2.6088
1559.9;2.605
1560.9;2.6037
1561.8;2.6016
1562.7;2.5929
1563.7;2.5807
1564.6;2.5734
1565.6;2.5719
1566.5;2.5701
1567.5;2.5651
1568.4;2.559
1569.4;2.5538
1570.3;2.5482
1571.3;2.5417
1572.2;2.5365
1573.2;2.5324
1574.1;2.5287
1575.1;2.5265
1576;2.5228
1577;2.5157
1578;2.5096
1578.9;2.5071
1579.9;2.5039
1580.9;2.4974
1581.8;2.4888
1582.8;2.48
1583.7;2.4747
1584.7;2.4733
1585.7;2.4721
1586.7;2.4676
1587.6;2.4611
1588.6;2.4578
1589.6;2.4568
1590.6;2.4534
1591.5;2.4483
1592.5;2.4436
1593.5;2.4394
1594.5;2.4354
1595.4;2.4307
1596.4;2.4242
1597.4;2.4172
1598.4;2.4135
1599.4;2.4131
1600.4;2.4124
1601.4;2.4097
1602.3;2.4067
1603.3;2.4042
1604.3;2.4015
1605.3;2.3978
1606.3;2.3931
1607.3;2.3886
1608.3;2.3849
1609.3;2.381
1610.3;2.3777
1611.3;2.3769
1612.3;2.3775
1613.3;2.3756
1614.3;2.3716
1615.3;2.3686
1616.3;2.3666
1617.3;2.3641
1618.4;2.3597
1619.4;2.3538
1620.4;2.3489
1621.4;2.3465
1622.4;2.3448
1623.4;2.3434
1624.4;2.3425
1625.5;2.3408
1626.5;2.3377
1627.5;2.3346
1628.5;2.3315
1629.5;2.3283
1630.6;2.3266
1631.6;2.3254
1632.6;2.322
1633.6;2.3184
1634.7;2.3173
1635.7;2.317
1636.7;2.3156
1637.8;2.314
1638.8;2.3122
1639.8;2.31
1640.9;2.308
1641.9;2.3058
1643;2.3028
1644;2.2993
1645;2.296
1646.1;2.2936
1647.1;2.2934
1648.2;2.2947
1649.2;2.2944
1650.3;2.2912
1651.3;2.2884
1652.4;2.2885
1653.4;2.2888
1654.5;2.287
1655.6;2.285
1656.6;2.2838
1657.7;2.2838
1658.7;2.2849
1659.8;2.2849
1660.9;2.2832
1661.9;2.2829
1663;2.2847
1664.1;2.2856
1665.1;2.2849
1666.2;2.2837
1667.3;2.2836
1668.3;2.2843
1669.4;2.2853
1670.5;2.2866
1671.6;2.2874
1672.6;2.287
1673.7;2.2856
1674.8;2.2849
1675.9;2.2864
1677;2.2889
1678.1;2.2908
1679.1;2.2924
1680.2;2.2943
1681.3;2.296
1682.4;2.2975
1683.5;2.2995
1684.6;2.3017
1685.7;2.3036
1686.8;2.3059
1687.9;2.3093
1689;2.3126
1690.1;2.3139
1691.2;2.3137
1692.3;2.3147
1693.4;2.3173
1694.5;2.3199
1695.6;2.3217
1696.7;2.3228
1697.8;2.3237
1699;2.3253
1700.1;2.3268
1701.2;2.3267
1702.3;2.3262
1703.4;2.3275
1704.5;2.3296
1705.7;2.331
1706.8;2.3324
1707.9;2.334
1709;2.3358
1710.2;2.3377
1711.3;2.3392
1712.4;2.34
1713.5;2.3407
1714.7;2.3425
1715.8;2.345
1717;2.3478
1718.1;2.3513
1719.2;2.3549
1720.4;2.3592
1721.5;2.3647
1722.7;2.3687
1723.8;2.3703
1724.9;2.3716
1726.1;2.3732
1727.2;2.3755
1728.4;2.3794
1729.6;2.3837
1730.7;2.3871
1731.9;2.39
1733;2.3917
1734.2;2.3917
1735.3;2.3924
1736.5;2.3958
1737.7;2.4013
1738.8;2.406
1740;2.4079
1741.2;2.4079
1742.3;2.4082
1743.5;2.4103
1744.7;2.4154
1745.9;2.4214
1747;2.4269
1748.2;2.4312
1749.4;2.4328
1750.6;2.4334
1751.8;2.4364
1752.9;2.4407
1754.1;2.4446
1755.3;2.448
1756.5;2.4499
1757.7;2.4513
1758.9;2.4544
1760.1;2.4581
1761.3;2.4606
1762.5;2.4639
1763.7;2.4684
1764.9;2.4722
1766.1;2.4761
1767.3;2.4809
1768.5;2.4847
1769.7;2.4877
1770.9;2.4898
1772.1;2.4898
1773.3;2.4898
1774.5;2.4922
1775.8;2.4952
1777;2.4966
1778.2;2.498
1779.4;2.5019
1780.6;2.5048
1781.9;2.5048
1783.1;2.5054
1784.3;2.5078
1785.5;2.5084
1786.8;2.506
1788;2.5039
1789.2;2.5034
1790.5;2.5038
1791.7;2.505
1792.9;2.5055
1794.2;2.5048
1795.4;2.5047
1796.7;2.5051
1797.9;2.5046
1799.2;2.5034
1800.4;2.503
1801.7;2.5032
1802.9;2.5023
1804.2;2.5005
1805.4;2.4988
1806.7;2.4968
1807.9;2.4943
1809.2;2.4932
1810.5;2.4936
1811.7;2.4935
1813;2.4912
1814.3;2.4891
1815.5;2.4898
1816.8;2.4917
1818.1;2.492
1819.4;2.4901
1820.6;2.4883
1821.9;2.4883
1823.2;2.4895
1824.5;2.4902
1825.8;2.4884
1827.1;2.4854
1828.3;2.4856
1829.6;2.4895
1830.9;2.4939
1832.2;2.4959
1833.5;2.4964
1834.8;2.4985
1836.1;2.5032
1837.4;2.5081
1838.7;2.5121
1840;2.5175
1841.3;2.5237
1842.6;2.528
1844;2.5313
1845.3;2.5355
1846.6;2.5419
1847.9;2.5505
1849.2;2.5607
1850.5;2.572
1851.9;2.5828
1853.2;2.5941
1854.5;2.6091
1855.8;2.6269
1857.2;2.6454
1858.5;2.6636
1859.8;2.6818
1861.2;2.7032
1862.5;2.7293
1863.8;2.7567
1865.2;2.7857
1866.5;2.8186
1867.9;2.8529
1869.2;2.8856
1870.6;2.9186
1871.9;2.9583
1873.3;3.0103
1874.6;3.0646
1876;3.1011
1877.3;3.1289
1878.7;3.1602
1880.1;3.1939
1881.4;3.2392
1882.8;3.3044
1884.2;3.3647
1885.5;3.3853
1886.9;3.397
1888.3;3.4183
1889.6;3.4132
1891;3.3924
1892.4;3.3964
1893.8;3.4409
1895.2;3.5076
1896.6;3.5416
1897.9;3.5399
1899.3;3.5263
1900.7;3.5068
1902.1;3.4827
1903.5;3.4628
1904.9;3.4881
1906.3;3.5264
1907.7;3.5295
1909.1;3.4982
1910.5;3.4621
1911.9;3.455
1913.4;3.4618
1914.8;3.4531
1916.2;3.4596
1917.6;3.5059
1919;3.5185
1920.4;3.48
1921.9;3.4692
1923.3;3.4872
1924.7;3.4971
1926.1;3.4899
1927.6;3.4706
1929;3.4518
1930.5;3.4547
1931.9;3.4858
1933.3;3.5217
1934.8;3.516
1936.2;3.4958
1937.7;3.5006
1939.1;3.5023
1940.6;3.4852
1942;3.4821
1943.5;3.5127
1944.9;3.547
1946.4;3.5379
1947.9;3.5001
1949.3;3.4912
1950.8;3.5112
1952.3;3.5185
1953.7;3.4873
1955.2;3.4552
1956.7;3.4541
1958.2;3.4594
1959.6;3.447
1961.1;3.4454
1962.6;3.4812
1964.1;3.5201
1965.6;3.5232
1967.1;3.5093
1968.6;3.5031
1970.1;3.4858
1971.6;3.4621
1973.1;3.4505
1974.6;3.4385
1976.1;3.4542
1977.6;3.4998
1979.1;3.5059
1980.6;3.4827
1982.1;3.4587
1983.6;3.4326
1985.1;3.4191
1986.7;3.4141
1988.2;3.4162
1989.7;3.4304
1991.2;3.4477
1992.8;3.4382
1994.3;3.4241
1995.8;3.4303
1997.4;3.452
1998.9;3.455
2000.5;3.4332
2002;3.4201
2003.6;3.4291
2005.1;3.4438
2006.7;3.4559
2008.2;3.4688
2009.8;3.4818
2011.3;3.482
2012.9;3.4607
2014.5;3.4346
2016;3.4278
2017.6;3.4303
2019.2;3.4336
2020.7;3.437
2022.3;3.4186
2023.9;3.3819
2025.5;3.3631
2027.1;3.3818
2028.6;3.4134
2030.2;3.4234
2031.8;3.4124
2033.4;3.4031
2035;3.3885
2036.6;3.3705
2038.2;3.3612
2039.8;3.3528
2041.4;3.3479
2043;3.3645
2044.6;3.3961
2046.2;3.4136
2047.9;3.4037
2049.5;3.3803
2051.1;3.3479
2052.7;3.3096
2054.4;3.2892
2056;3.2838
2057.6;3.2783
2059.3;3.2752
2060.9;3.2673
2062.5;3.2634
2064.2;3.2727
2065.8;3.292
2067.5;3.3043
2069.1;3.2971
2070.8;3.2777
2072.4;3.2715
2074.1;3.2778
2075.7;3.2696
2077.4;3.2539
2079.1;3.2497
2080.7;3.2612
2082.4;3.2813
2084.1;3.2909
2085.8;3.2584
2087.4;3.2051
2089.1;3.1775
2090.8;3.1917
2092.5;3.2097
2094.2;3.1996
2095.9;3.1909
2097.6;3.2017
2099.3;3.215
2101;3.2214
2102.7;3.2068
2104.4;3.1725
2106.1;3.1515
2107.8;3.1538
2109.5;3.1595
2111.2;3.154
2113;3.1489
2114.7;3.1472
2116.4;3.1464
2118.1;3.1574
2119.9;3.1716
2121.6;3.1727
2123.3;3.1657
2125.1;3.1576
2126.8;3.1454
2128.6;3.1398
2130.3;3.1417
2132.1;3.1396
2133.8;3.1217
2135.6;3.1028
2137.3;3.103
2139.1;3.1051
2140.9;3.1012
2142.6;3.1072
2144.4;3.1128
2146.2;3.1072
2148;3.099
2149.7;3.0972
2151.5;3.0967
2153.3;3.0883
2155.1;3.0801
2156.9;3.0769
2158.7;3.0735
2160.5;3.0737
2162.3;3.0808
2164.1;3.081
2165.9;3.0743
2167.7;3.0748
2169.5;3.0821
2171.4;3.08
2173.2;3.0704
2175;3.0718
2176.8;3.0756
2178.7;3.0673
2180.5;3.047
2182.3;3.0252
2184.2;3.0261
2186;3.0358
2187.8;3.0179
2189.7;2.9873
2191.5;2.9667
2193.4;2.9543
2195.3;2.9516
2197.1;2.9532
2199;2.9527
2200.8;2.9556
2202.7;2.9699
2204.6;2.9938
2206.5;2.9953
2208.3;2.9685
2210.2;2.9457
2212.1;2.9381
2214;2.9444
2215.9;2.9507
2217.8;2.9465
2219.7;2.9394
2221.6;2.9346
2223.5;2.9347
2225.4;2.9457
2227.3;2.9621
2229.2;2.9796
2231.2;2.9956
2233.1;3.0132
2235;3.0213
2236.9;3.0123
2238.9;3.0026
2240.8;2.9747
2242.7;2.9355
2244.7;2.9268
2246.6;2.9497
2248.6;2.9832
2250.5;3.0006
2252.5;2.9883
2254.4;2.979
2256.4;2.9815
2258.4;2.9871
2260.3;2.985
2262.3;2.9779
2264.3;2.9769
2266.3;2.973
2268.2;2.9537
2270.2;2.932
2272.2;2.9295
2274.2;2.9497
2276.2;2.9665
2278.2;2.9707
2280.2;2.9699
2282.2;2.976
2284.2;2.9915
2286.2;3.0299
2288.3;3.0483
2290.3;3.0142
2292.3;2.9707
2294.3;2.95
2296.4;2.9425
2298.4;2.9408
2300.4;2.9479
2302.5;2.9546
2304.5;2.9567
2306.6;2.9462
2308.6;2.9332
2310.7;2.9408
2312.8;2.9635
2314.8;2.9608
2316.9;2.9421
2319;2.9238
2321;2.9058
2323.1;2.8955
2325.2;2.8993
2327.3;2.8939
2329.4;2.8607
2331.5;2.8257
2333.6;2.8174
2335.7;2.8341
2337.8;2.856
2339.9;2.8878
2342;2.9216
2344.1;2.9259
2346.2;2.8989
2348.4;2.8494
2350.5;2.8077
2352.6;2.8135
2354.8;2.8456
2356.9;2.8555
2359.1;2.8432
2361.2;2.8425
2363.4;2.8453
2365.5;2.8229
2367.7;2.7941
2369.8;2.7802
2372;2.7781
2374.2;2.7627
2376.4;2.7719
2378.5;2.7935
2380.7;2.7864
2382.9;2.7604
2385.1;2.7387
2387.3;2.7093
2389.5;2.6985
2391.7;2.6866
2393.9;2.6429
2396.1;2.6192
2398.3;2.6479
2400.6;2.6862
2402.8;2.7109
2405;2.6991
2407.2;2.651
2409.5;2.6105
2411.7;2.6042
2414;2.6101
2416.2;2.5831
2418.5;2.5415
2420.7;2.517
2423;2.5038
2425.3;2.5135
2427.5;2.5396
2429.8;2.5343
2432.1;2.503
2434.4;2.4895
2436.7;2.486
2438.9;2.4831
2441.2;2.4482
2443.5;2.4423
2445.8;2.448
2448.2;2.4227
2450.5;2.3675
2452.8;2.3784
2455.1;2.3909
2457.4;2.4059
2459.8;2.3758
2462.1;2.2818
2464.4;2.2203
2466.8;2.2031
2469.1;2.2399
2471.5;2.2658
2473.9;2.3303
2476.2;2.2575
2478.6;2.1402
2481;2.1536
2483.3;2.1793
2485.7;2.16
2488.1;2.1096
2490.5;2.1157
2492.9;2.1281
2495.3;2.1346
2497.7;2.1863
2500.1;1.9545
