800.43;1.0574
800.68;1.0567
800.93;1.059
801.17;1.0692
801.42;1.0705
801.67;1.0616
801.92;1.0542
802.17;1.0491
802.41;1.0508
802.66;1.0573
802.91;1.0542
803.16;1.0433
803.41;1.0413
803.66;1.049
803.91;1.0567
804.16;1.0554
804.41;1.0479
804.65;1.0427
804.9;1.0363
805.15;1.0357
805.4;1.0468
805.66;1.0625
805.91;1.0753
806.16;1.0768
806.41;1.068
806.66;1.0614
806.91;1.0592
807.16;1.0532
807.41;1.0424
807.66;1.0364
807.91;1.0387
808.17;1.0461
808.42;1.0529
808.67;1.0544
808.92;1.0557
809.18;1.0671
809.43;1.0804
809.68;1.08
809.93;1.0726
810.19;1.071
810.44;1.0696
810.69;1.0612
810.95;1.0519
811.2;1.0513
811.45;1.0594
811.71;1.0692
811.96;1.0725
812.22;1.0737
812.47;1.0722
812.73;1.0645
812.98;1.0588
813.24;1.059
813.49;1.0583
813.75;1.0575
814;1.0557
814.26;1.0492
814.51;1.0462
814.77;1.0488
815.03;1.0521
815.28;1.0578
815.54;1.0654
815.8;1.0652
816.05;1.0593
816.31;1.0563
816.57;1.0545
816.82;1.0514
817.08;1.0518
817.34;1.0561
817.6;1.0572
817.85;1.0561
818.11;1.06
818.37;1.0681
818.63;1.0725
818.89;1.0726
819.15;1.0726
819.41;1.0731
819.66;1.0739
819.92;1.0753
820.18;1.0784
820.44;1.0781
820.7;1.068
820.96;1.0572
821.22;1.0556
821.48;1.0582
821.74;1.0611
822;1.0675
822.26;1.0656
822.52;1.0536
822.79;1.0542
823.05;1.0647
823.31;1.0658
823.57;1.0641
823.83;1.0723
824.09;1.0818
824.36;1.0841
824.62;1.0798
824.88;1.0729
825.14;1.0692
825.41;1.0713
825.67;1.0736
825.93;1.069
826.19;1.0625
826.46;1.0622
826.72;1.0676
826.98;1.0761
827.25;1.0873
827.51;1.0896
827.78;1.0805
828.04;1.0768
828.31;1.0798
828.57;1.0808
828.84;1.0829
829.1;1.086
829.37;1.0888
829.63;1.0913
829.9;1.0914
830.16;1.0864
830.43;1.0816
830.69;1.0797
830.96;1.0787
831.23;1.0811
831.49;1.0913
831.76;1.1039
832.03;1.1046
832.29;1.0921
832.56;1.0782
832.83;1.0705
833.1;1.0739
833.36;1.083
833.63;1.0856
833.9;1.0858
834.17;1.0875
834.44;1.0888
834.71;1.0931
834.98;1.0976
835.24;1.0968
835.51;1.0949
835.78;1.0909
836.05;1.0826
836.32;1.076
836.59;1.0717
836.86;1.0693
837.13;1.0702
837.4;1.0694
837.67;1.0673
837.94;1.073
838.21;1.085
838.49;1.0894
838.76;1.0853
839.03;1.084
839.3;1.0835
839.57;1.081
839.84;1.0832
840.12;1.0881
840.39;1.0889
840.66;1.0862
840.93;1.0825
841.21;1.0799
841.48;1.0791
841.75;1.0774
842.03;1.0776
842.3;1.0845
842.57;1.0909
842.85;1.0877
843.12;1.0818
843.4;1.0839
843.67;1.0954
843.94;1.106
844.22;1.1048
844.49;1.0944
844.77;1.0888
845.04;1.09
845.32;1.0943
845.6;1.1
845.87;1.1031
846.15;1.1004
846.42;1.0932
846.7;1.0891
846.98;1.0915
847.25;1.0932
847.53;1.088
847.81;1.0841
848.09;1.0884
848.36;1.0965
848.64;1.1046
848.92;1.1106
849.2;1.1077
849.48;1.0997
849.75;1.0929
850.03;1.0873
850.31;1.0883
850.59;1.0963
850.87;1.0974
851.15;1.0929
851.43;1.0957
851.71;1.1014
851.99;1.1034
852.27;1.1026
852.55;1.1024
852.83;1.1039
853.11;1.1035
853.39;1.1018
853.67;1.099
853.95;1.0924
854.23;1.0879
854.51;1.0893
854.8;1.0929
855.08;1.0941
855.36;1.0931
855.64;1.0946
855.93;1.0983
856.21;1.099
856.49;1.0968
856.77;1.0971
857.06;1.0994
857.34;1.1008
857.62;1.0966
857.91;1.0859
858.19;1.0798
858.48;1.081
858.76;1.0815
859.05;1.0829
859.33;1.087
859.61;1.0888
859.9;1.0877
860.19;1.0883
860.47;1.0883
860.76;1.0821
861.04;1.0744
861.33;1.0773
861.61;1.0878
861.9;1.0938
862.19;1.0972
862.47;1.1018
862.76;1.1017
863.05;1.096
863.34;1.0892
863.62;1.088
863.91;1.0951
864.2;1.1024
864.49;1.1055
864.78;1.1064
865.06;1.1053
865.35;1.1051
865.64;1.1077
865.93;1.1102
866.22;1.1118
866.51;1.1118
866.8;1.1066
867.09;1.0972
867.38;1.0903
867.67;1.0907
867.96;1.0961
868.25;1.0999
868.54;1.1
868.83;1.0978
869.12;1.0935
869.42;1.0926
869.71;1.0969
870;1.0998
870.29;1.1049
870.58;1.1118
870.88;1.1094
871.17;1.1025
871.46;1.1023
871.75;1.1081
872.05;1.1126
872.34;1.1074
872.63;1.0988
872.93;1.0978
873.22;1.1015
873.52;1.1069
873.81;1.1123
874.11;1.1105
874.4;1.1068
874.7;1.1115
874.99;1.1183
875.29;1.117
875.58;1.1092
875.88;1.1016
876.17;1.0971
876.47;1.093
876.77;1.0913
877.06;1.0961
877.36;1.1016
877.66;1.1009
877.95;1.098
878.25;1.0975
878.55;1.0989
878.85;1.1043
879.14;1.1102
879.44;1.1087
879.74;1.1037
880.04;1.102
880.34;1.1046
880.64;1.11
880.94;1.1134
881.24;1.1128
881.54;1.1127
881.84;1.112
882.14;1.1088
882.44;1.1092
882.74;1.1128
883.04;1.1163
883.34;1.1214
883.64;1.1229
883.94;1.1163
884.24;1.1093
884.54;1.1073
884.85;1.1068
885.15;1.1059
885.45;1.1074
885.75;1.1116
886.06;1.1139
886.36;1.11
886.66;1.1027
886.96;1.1003
887.27;1.1056
887.57;1.111
887.88;1.1107
888.18;1.1084
888.48;1.1071
888.79;1.1078
889.09;1.1125
889.4;1.117
889.7;1.1146
890.01;1.1084
890.32;1.1053
890.62;1.1074
890.93;1.1131
891.23;1.1178
891.54;1.1172
891.85;1.1145
892.15;1.117
892.46;1.1235
892.77;1.1245
893.08;1.1195
893.38;1.1166
893.69;1.1179
894;1.1204
894.31;1.1224
894.62;1.1245
894.93;1.1246
895.23;1.1203
895.54;1.1155
895.85;1.1147
896.16;1.1169
896.47;1.1179
896.78;1.1181
897.09;1.1208
897.4;1.1238
897.71;1.1231
898.02;1.1202
898.34;1.1202
898.65;1.1249
898.96;1.1287
899.27;1.1271
899.58;1.1232
899.9;1.1202
900.21;1.1177
900.52;1.1172
900.83;1.1194
901.15;1.1209
901.46;1.122
901.77;1.1246
902.09;1.1258
902.4;1.1245
902.72;1.1232
903.03;1.124
903.34;1.1251
903.66;1.1242
903.97;1.1224
904.29;1.1218
904.6;1.1222
904.92;1.1226
905.24;1.1219
905.55;1.1205
905.87;1.1204
906.19;1.1218
906.5;1.1244
906.82;1.1276
907.14;1.1291
907.45;1.1313
907.77;1.1356
908.09;1.1366
908.41;1.1341
908.73;1.1326
909.05;1.1335
909.36;1.1328
909.68;1.1295
910;1.1286
910.32;1.1325
910.64;1.136
910.96;1.1347
911.28;1.1309
911.6;1.13
911.92;1.1315
912.24;1.1329
912.57;1.1348
912.89;1.1356
913.21;1.1333
913.53;1.1302
913.85;1.1288
914.17;1.1298
914.5;1.1336
914.82;1.1401
915.14;1.1443
915.47;1.1417
915.79;1.133
916.11;1.1251
916.44;1.1255
916.76;1.1325
917.08;1.1371
917.41;1.1377
917.73;1.1396
918.06;1.1444
918.38;1.1481
918.71;1.1465
919.04;1.143
919.36;1.1434
919.69;1.1461
920.01;1.1453
920.34;1.1407
920.67;1.1363
920.99;1.1343
921.32;1.1328
921.65;1.1337
921.98;1.1385
922.3;1.1415
922.63;1.1401
922.96;1.1389
923.29;1.1387
923.62;1.1368
923.95;1.1364
924.28;1.1411
924.61;1.1459
924.94;1.1463
925.27;1.1438
925.6;1.1407
925.93;1.1402
926.26;1.1424
926.59;1.1449
926.92;1.1462
927.25;1.1468
927.58;1.1471
927.92;1.1486
928.25;1.1517
928.58;1.1535
928.91;1.1516
929.25;1.1489
929.58;1.1488
929.91;1.1497
930.25;1.1512
930.58;1.1541
930.91;1.1554
931.25;1.1528
931.58;1.1492
931.92;1.1486
932.25;1.1496
932.59;1.1486
932.92;1.1465
933.26;1.1471
933.6;1.1512
933.93;1.1558
934.27;1.1588
934.61;1.1602
934.94;1.1616
935.28;1.1627
935.62;1.1612
935.96;1.1589
936.29;1.1584
936.63;1.159
936.97;1.1593
937.31;1.159
937.65;1.1604
937.99;1.1646
938.33;1.1671
938.67;1.1637
939.01;1.1592
939.35;1.1604
939.69;1.1655
940.03;1.1696
940.37;1.1735
940.71;1.1776
941.05;1.1779
941.39;1.1755
941.74;1.1753
942.08;1.1765
942.42;1.1758
942.76;1.1745
943.11;1.1742
943.45;1.175
943.79;1.1775
944.14;1.1798
944.48;1.1793
944.82;1.1783
945.17;1.1797
945.51;1.1821
945.86;1.1827
946.2;1.1819
946.55;1.1806
946.89;1.1791
947.24;1.1786
947.59;1.1813
947.93;1.188
948.28;1.1973
948.63;1.2045
948.97;1.2037
949.32;1.197
949.67;1.1927
950.02;1.1921
950.37;1.1919
950.71;1.1938
951.06;1.1977
951.41;1.1991
951.76;1.1983
952.11;1.1997
952.46;1.2026
952.81;1.2046
953.16;1.206
953.51;1.2057
953.86;1.2027
954.21;1.2009
954.56;1.2026
954.92;1.2042
955.27;1.2052
955.62;1.2088
955.97;1.2125
956.33;1.2133
956.68;1.2151
957.03;1.2196
957.38;1.2235
957.74;1.2248
958.09;1.225
958.45;1.2244
958.8;1.2227
959.16;1.2214
959.51;1.2219
959.87;1.2231
960.22;1.2237
960.58;1.2249
960.93;1.2272
961.29;1.2291
961.65;1.2313
962;1.2349
962.36;1.2367
962.72;1.2349
963.07;1.2346
963.43;1.2378
963.79;1.2392
964.15;1.2359
964.51;1.2318
964.87;1.2309
965.23;1.2324
965.59;1.2328
965.95;1.2324
966.31;1.2335
966.67;1.2361
967.03;1.238
967.39;1.2389
967.75;1.24
968.11;1.2408
968.47;1.2407
968.83;1.2394
969.2;1.2353
969.56;1.231
969.92;1.2301
970.28;1.2322
970.65;1.2354
971.01;1.2374
971.37;1.2371
971.74;1.2369
972.1;1.238
972.47;1.2398
972.83;1.2422
973.2;1.2445
973.56;1.2461
973.93;1.2476
974.29;1.247
974.66;1.243
975.03;1.2408
975.39;1.2427
975.76;1.2462
976.13;1.249
976.5;1.2493
976.86;1.2475
977.23;1.2452
977.6;1.2438
977.97;1.2451
978.34;1.2472
978.71;1.2469
979.08;1.2453
979.45;1.2445
979.82;1.2445
980.19;1.2455
980.56;1.2481
980.93;1.2514
981.3;1.2523
981.67;1.2491
982.04;1.2463
982.42;1.2464
982.79;1.2474
983.16;1.2487
983.53;1.2506
983.91;1.2527
984.28;1.2537
984.66;1.2527
985.03;1.251
985.4;1.2506
985.78;1.2503
986.15;1.2495
986.53;1.2496
986.9;1.2504
987.28;1.2505
987.66;1.2502
988.03;1.2508
988.41;1.2507
988.79;1.2495
989.16;1.2497
989.54;1.2513
989.92;1.2517
990.3;1.251
990.68;1.2521
991.05;1.2541
991.43;1.2534
991.81;1.2511
992.19;1.2498
992.57;1.2482
992.95;1.2459
993.33;1.2458
993.71;1.2474
994.09;1.2476
994.48;1.2479
994.86;1.249
995.24;1.2492
995.62;1.25
996;1.2509
996.39;1.2494
996.77;1.2468
997.15;1.2466
997.54;1.2505
997.92;1.255
998.3;1.2553
998.69;1.251
999.07;1.2469
999.46;1.2465
999.84;1.2481
1000.2;1.2482
1000.6;1.2455
1001;1.2438
1001.4;1.2461
1001.8;1.2493
1002.2;1.2501
1002.6;1.2501
1002.9;1.2504
1003.3;1.2506
1003.7;1.25
1004.1;1.2488
1004.5;1.2482
1004.9;1.2481
1005.3;1.2477
1005.7;1.2475
1006.1;1.2485
1006.4;1.2496
1006.8;1.2493
1007.2;1.2475
1007.6;1.2463
1008;1.2469
1008.4;1.247
1008.8;1.2452
1009.2;1.2439
1009.6;1.244
1010;1.2439
1010.4;1.2446
1010.8;1.2471
1011.2;1.2491
1011.5;1.2475
1011.9;1.2439
1012.3;1.242
1012.7;1.2416
1013.1;1.2426
1013.5;1.245
1013.9;1.247
1014.3;1.2472
1014.7;1.2467
1015.1;1.2473
1015.5;1.2483
1015.9;1.248
1016.3;1.2461
1016.7;1.2434
1017.1;1.243
1017.5;1.2447
1017.9;1.2451
1018.3;1.2443
1018.7;1.2439
1019.1;1.2431
1019.5;1.242
1019.9;1.2415
1020.3;1.2411
1020.7;1.2401
1021.1;1.2389
1021.5;1.2391
1021.9;1.2404
1022.3;1.2397
1022.7;1.2373
1023.1;1.2368
1023.5;1.2377
1023.9;1.2379
1024.3;1.238
1024.7;1.239
1025.1;1.2398
1025.6;1.2405
1026;1.2409
1026.4;1.2398
1026.8;1.2378
1027.2;1.2371
1027.6;1.2376
1028;1.2375
1028.4;1.2368
1028.8;1.2371
1029.2;1.238
1029.6;1.2378
1030;1.2366
1030.4;1.2357
1030.9;1.2357
1031.3;1.2359
1031.7;1.2355
1032.1;1.2348
1032.5;1.2338
1032.9;1.234
1033.3;1.2356
1033.7;1.2358
1034.1;1.2341
1034.6;1.2329
1035;1.2329
1035.4;1.2332
1035.8;1.2338
1036.2;1.2342
1036.6;1.2329
1037;1.2314
1037.5;1.2316
1037.9;1.2321
1038.3;1.2305
1038.7;1.2286
1039.1;1.2293
1039.5;1.2317
1040;1.2323
1040.4;1.2308
1040.8;1.2293
1041.2;1.2288
1041.6;1.2301
1042;1.2318
1042.5;1.2323
1042.9;1.2317
1043.3;1.2313
1043.7;1.2316
1044.1;1.2319
1044.6;1.2318
1045;1.231
1045.4;1.2292
1045.8;1.2285
1046.2;1.2295
1046.7;1.2305
1047.1;1.2301
1047.5;1.2289
1047.9;1.228
1048.4;1.2272
1048.8;1.2268
1049.2;1.2273
1049.6;1.2279
1050.1;1.2272
1050.5;1.226
1050.9;1.2259
1051.3;1.2269
1051.8;1.2272
1052.2;1.2267
1052.6;1.2268
1053;1.2271
1053.5;1.2262
1053.9;1.2247
1054.3;1.2241
1054.8;1.2251
1055.2;1.2268
1055.6;1.2279
1056;1.2281
1056.5;1.2279
1056.9;1.2276
1057.3;1.227
1057.8;1.2259
1058.2;1.2256
1058.6;1.226
1059.1;1.2255
1059.5;1.2246
1059.9;1.2251
1060.4;1.2263
1060.8;1.2261
1061.2;1.2248
1061.7;1.2244
1062.1;1.2248
1062.5;1.2243
1063;1.2242
1063.4;1.2257
1063.8;1.2272
1064.3;1.2274
1064.7;1.2273
1065.2;1.2273
1065.6;1.2275
1066;1.2278
1066.5;1.2282
1066.9;1.2281
1067.4;1.2272
1067.8;1.2263
1068.2;1.2267
1068.7;1.2271
1069.1;1.2262
1069.6;1.2252
1070;1.2252
1070.4;1.2255
1070.9;1.2263
1071.3;1.2273
1071.8;1.228
1072.2;1.2285
1072.7;1.2291
1073.1;1.2304
1073.5;1.2317
1074;1.2314
1074.4;1.2299
1074.9;1.2286
1075.3;1.2275
1075.8;1.2268
1076.2;1.228
1076.7;1.2306
1077.1;1.232
1077.6;1.231
1078;1.2291
1078.5;1.2283
1078.9;1.229
1079.3;1.2309
1079.8;1.2323
1080.2;1.2317
1080.7;1.2296
1081.2;1.228
1081.6;1.2281
1082.1;1.2291
1082.5;1.2308
1083;1.2333
1083.4;1.235
1083.9;1.2351
1084.3;1.2352
1084.8;1.2354
1085.2;1.2349
1085.7;1.2341
1086.1;1.2341
1086.6;1.2345
1087;1.2348
1087.5;1.2355
1088;1.2366
1088.4;1.2366
1088.9;1.236
1089.3;1.2361
1089.8;1.2368
1090.2;1.2371
1090.7;1.2372
1091.2;1.2372
1091.6;1.2377
1092.1;1.2386
1092.5;1.2397
1093;1.2408
1093.5;1.2414
1093.9;1.2413
1094.4;1.241
1094.8;1.2413
1095.3;1.2425
1095.8;1.2439
1096.2;1.2448
1096.7;1.2448
1097.2;1.2442
1097.6;1.2444
1098.1;1.2453
1098.6;1.246
1099;1.2462
1099.5;1.2458
1100;1.2452
1100.4;1.246
1100.9;1.2478
1101.4;1.2487
1101.8;1.2488
1102.3;1.2491
1102.8;1.2499
1103.2;1.2511
1103.7;1.2517
1104.2;1.2514
1104.6;1.251
1105.1;1.2512
1105.6;1.2517
1106.1;1.252
1106.5;1.2526
1107;1.2535
1107.5;1.2545
1107.9;1.2551
1108.4;1.255
1108.9;1.2552
1109.4;1.256
1109.8;1.2567
1110.3;1.2573
1110.8;1.2581
1111.3;1.2595
1111.7;1.2608
1112.2;1.2617
1112.7;1.2622
1113.2;1.2622
1113.7;1.2615
1114.1;1.261
1114.6;1.2613
1115.1;1.2614
1115.6;1.2611
1116.1;1.2614
1116.5;1.2628
1117;1.2649
1117.5;1.2666
1118;1.2669
1118.5;1.2667
1118.9;1.2672
1119.4;1.2681
1119.9;1.2686
1120.4;1.2692
1120.9;1.27
1121.4;1.2706
1121.9;1.2716
1122.3;1.2725
1122.8;1.2733
1123.3;1.2745
1123.8;1.2761
1124.3;1.2772
1124.8;1.2776
1125.3;1.2781
1125.7;1.2794
1126.2;1.2813
1126.7;1.2827
1127.2;1.2836
1127.7;1.2845
1128.2;1.2857
1128.7;1.2865
1129.2;1.2871
1129.7;1.2884
1130.2;1.2907
1130.7;1.2929
1131.2;1.2948
1131.6;1.2966
1132.1;1.2992
1132.6;1.3023
1133.1;1.3048
1133.6;1.3071
1134.1;1.3098
1134.6;1.3128
1135.1;1.3154
1135.6;1.3177
1136.1;1.3201
1136.6;1.3236
1137.1;1.3281
1137.6;1.3324
1138.1;1.3361
1138.6;1.3391
1139.1;1.3414
1139.6;1.3441
1140.1;1.3472
1140.6;1.3497
1141.1;1.3525
1141.6;1.3565
1142.1;1.3607
1142.6;1.364
1143.1;1.3678
1143.6;1.3725
1144.1;1.3761
1144.6;1.3782
1145.1;1.3805
1145.6;1.3841
1146.2;1.3881
1146.7;1.3921
1147.2;1.3961
1147.7;1.3996
1148.2;1.4016
1148.7;1.4023
1149.2;1.4035
1149.7;1.407
1150.2;1.4115
1150.7;1.4142
1151.2;1.4153
1151.8;1.4168
1152.3;1.4189
1152.8;1.4209
1153.3;1.4232
1153.8;1.4259
1154.3;1.4284
1154.8;1.4301
1155.3;1.4312
1155.9;1.4322
1156.4;1.4343
1156.9;1.4372
1157.4;1.4385
1157.9;1.4389
1158.4;1.4404
1159;1.4425
1159.5;1.4442
1160;1.4455
1160.5;1.4461
1161;1.4463
1161.6;1.4467
1162.1;1.4472
1162.6;1.4482
1163.1;1.4498
1163.6;1.4517
1164.2;1.4537
1164.7;1.4551
1165.2;1.4559
1165.7;1.4575
1166.3;1.4592
1166.8;1.46
1167.3;1.4608
1167.8;1.4623
1168.4;1.4625
1168.9;1.4612
1169.4;1.4606
1169.9;1.4615
1170.5;1.4632
1171;1.4645
1171.5;1.4661
1172.1;1.4683
1172.6;1.4695
1173.1;1.4698
1173.7;1.4706
1174.2;1.4714
1174.7;1.4722
1175.2;1.473
1175.8;1.4734
1176.3;1.4741
1176.8;1.4757
1177.4;1.4765
1177.9;1.4761
1178.5;1.4761
1179;1.4767
1179.5;1.4775
1180.1;1.4783
1180.6;1.4791
1181.1;1.4803
1181.7;1.4823
1182.2;1.4841
1182.8;1.4845
1183.3;1.4842
1183.8;1.4842
1184.4;1.4841
1184.9;1.484
1185.5;1.4843
1186;1.4854
1186.5;1.4866
1187.1;1.4879
1187.6;1.489
1188.2;1.4895
1188.7;1.4901
1189.3;1.4906
1189.8;1.4908
1190.4;1.491
1190.9;1.4913
1191.5;1.4916
1192;1.4927
1192.5;1.4938
1193.1;1.4943
1193.6;1.4944
1194.2;1.4941
1194.7;1.4934
1195.3;1.4936
1195.8;1.4936
1196.4;1.4929
1197;1.4926
1197.5;1.4929
1198.1;1.4931
1198.6;1.4935
1199.2;1.4943
1199.7;1.4945
1200.3;1.4939
1200.8;1.4935
1201.4;1.4934
1201.9;1.4931
1202.5;1.4927
1203.1;1.4925
1203.6;1.4922
1204.2;1.4919
1204.7;1.4928
1205.3;1.4944
1205.9;1.4952
1206.4;1.4959
1207;1.4962
1207.5;1.4958
1208.1;1.4957
1208.7;1.4961
1209.2;1.496
1209.8;1.4955
1210.4;1.4947
1210.9;1.4936
1211.5;1.4925
1212.1;1.4922
1212.6;1.4921
1213.2;1.4917
1213.8;1.4912
1214.3;1.4911
1214.9;1.4912
1215.5;1.4912
1216;1.4912
1216.6;1.4915
1217.2;1.4917
1217.8;1.4909
1218.3;1.4893
1218.9;1.4879
1219.5;1.4872
1220;1.4874
1220.6;1.4879
1221.2;1.4882
1221.8;1.4874
1222.3;1.4864
1222.9;1.4866
1223.5;1.4873
1224.1;1.4871
1224.7;1.4867
1225.2;1.4864
1225.8;1.4861
1226.4;1.486
1227;1.4857
1227.6;1.4851
1228.1;1.4845
1228.7;1.4845
1229.3;1.4843
1229.9;1.4833
1230.5;1.4825
1231.1;1.4831
1231.6;1.4839
1232.2;1.484
1232.8;1.4839
1233.4;1.4835
1234;1.4826
1234.6;1.4822
1235.2;1.4824
1235.7;1.4819
1236.3;1.4809
1236.9;1.4806
1237.5;1.4812
1238.1;1.4817
1238.7;1.4814
1239.3;1.4809
1239.9;1.4808
1240.5;1.4804
1241.1;1.4793
1241.7;1.4784
1242.3;1.4779
1242.9;1.4774
1243.5;1.4771
1244;1.4774
1244.6;1.4779
1245.2;1.4779
1245.8;1.4774
1246.4;1.477
1247;1.4768
1247.6;1.4765
1248.2;1.476
1248.8;1.4752
1249.4;1.4745
1250;1.4743
1250.7;1.4745
1251.3;1.4745
1251.9;1.4742
1252.5;1.4741
1253.1;1.4742
1253.7;1.4743
1254.3;1.4739
1254.9;1.4735
1255.5;1.4734
1256.1;1.4732
1256.7;1.473
1257.3;1.4731
1257.9;1.473
1258.5;1.4727
1259.2;1.4726
1259.8;1.4728
1260.4;1.4729
1261;1.4731
1261.6;1.4734
1262.2;1.4734
1262.8;1.4728
1263.4;1.472
1264.1;1.472
1264.7;1.4728
1265.3;1.4732
1265.9;1.4729
1266.5;1.4726
1267.2;1.4727
1267.8;1.4733
1268.4;1.4743
1269;1.4749
1269.6;1.4747
1270.3;1.4744
1270.9;1.4745
1271.5;1.4749
1272.1;1.4756
1272.8;1.4764
1273.4;1.4768
1274;1.4768
1274.6;1.4771
1275.3;1.4772
1275.9;1.477
1276.5;1.4773
1277.1;1.478
1277.8;1.4788
1278.4;1.4798
1279;1.4809
1279.7;1.4816
1280.3;1.4818
1280.9;1.4821
1281.6;1.4829
1282.2;1.4838
1282.8;1.4839
1283.5;1.4838
1284.1;1.4843
1284.7;1.4855
1285.4;1.4867
1286;1.488
1286.6;1.4891
1287.3;1.4898
1287.9;1.4906
1288.6;1.4915
1289.2;1.4923
1289.8;1.493
1290.5;1.4942
1291.1;1.4955
1291.8;1.4962
1292.4;1.4964
1293.1;1.4969
1293.7;1.498
1294.4;1.4997
1295;1.5015
1295.7;1.5025
1296.3;1.5031
1296.9;1.5043
1297.6;1.5058
1298.2;1.5072
1298.9;1.5087
1299.5;1.5104
1300.2;1.5122
1300.9;1.514
1301.5;1.5158
1302.2;1.5174
1302.8;1.5188
1303.5;1.5204
1304.1;1.5223
1304.8;1.5238
1305.4;1.5254
1306.1;1.528
1306.8;1.5307
1307.4;1.5327
1308.1;1.5343
1308.7;1.536
1309.4;1.5382
1310.1;1.5409
1310.7;1.5437
1311.4;1.5459
1312;1.5476
1312.7;1.5493
1313.4;1.5516
1314;1.5546
1314.7;1.558
1315.4;1.5612
1316;1.5637
1316.7;1.5655
1317.4;1.5673
1318;1.57
1318.7;1.5732
1319.4;1.5764
1320.1;1.5794
1320.7;1.5828
1321.4;1.5864
1322.1;1.5899
1322.8;1.5933
1323.4;1.5963
1324.1;1.5987
1324.8;1.6015
1325.5;1.6053
1326.1;1.6095
1326.8;1.6132
1327.5;1.6166
1328.2;1.6199
1328.9;1.6231
1329.5;1.6264
1330.2;1.6299
1330.9;1.633
1331.6;1.6357
1332.3;1.6391
1333;1.6434
1333.6;1.6474
1334.3;1.6509
1335;1.6544
1335.7;1.6585
1336.4;1.6632
1337.1;1.6669
1337.8;1.6693
1338.5;1.6724
1339.2;1.6767
1339.8;1.6807
1340.5;1.6844
1341.2;1.6881
1341.9;1.6916
1342.6;1.6951
1343.3;1.6987
1344;1.7019
1344.7;1.7051
1345.4;1.7091
1346.1;1.7134
1346.8;1.7172
1347.5;1.7203
1348.2;1.7226
1348.9;1.7248
1349.6;1.7279
1350.3;1.7315
1351;1.735
1351.7;1.738
1352.4;1.7403
1353.1;1.7425
1353.8;1.7453
1354.5;1.7478
1355.3;1.7498
1356;1.7524
1356.7;1.7552
1357.4;1.7581
1358.1;1.7619
1358.8;1.7655
1359.5;1.7678
1360.2;1.7707
1360.9;1.7748
1361.7;1.7791
1362.4;1.7822
1363.1;1.7845
1363.8;1.7868
1364.5;1.7898
1365.2;1.793
1366;1.796
1366.7;1.7989
1367.4;1.8029
1368.1;1.8085
1368.8;1.8143
1369.6;1.8196
1370.3;1.825
1371;1.8304
1371.7;1.8357
1372.5;1.8413
1373.2;1.8473
1373.9;1.8537
1374.7;1.8614
1375.4;1.8705
1376.1;1.8798
1376.8;1.889
1377.6;1.8982
1378.3;1.9074
1379;1.9167
1379.8;1.926
1380.5;1.9359
1381.2;1.9478
1382;1.9614
1382.7;1.9757
1383.5;1.9907
1384.2;2.0056
1384.9;2.0191
1385.7;2.0329
1386.4;2.0489
1387.2;2.0661
1387.9;2.082
1388.6;2.097
1389.4;2.1133
1390.1;2.1304
1390.9;2.1459
1391.6;2.1606
1392.4;2.1772
1393.1;2.1949
1393.9;2.2117
1394.6;2.2285
1395.4;2.2458
1396.1;2.2621
1396.9;2.2783
1397.6;2.2948
1398.4;2.3098
1399.1;2.3217
1399.9;2.3331
1400.6;2.3471
1401.4;2.362
1402.2;2.3763
1402.9;2.3908
1403.7;2.4046
1404.4;2.4157
1405.2;2.4252
1406;2.4347
1406.7;2.4444
1407.5;2.4537
1408.3;2.4624
1409;2.472
1409.8;2.4816
1410.6;2.4906
1411.3;2.4981
1412.1;2.5044
1412.9;2.5107
1413.6;2.5184
1414.4;2.5308
1415.2;2.5429
1415.9;2.5456
1416.7;2.5437
1417.5;2.5485
1418.3;2.5586
1419;2.5705
1419.8;2.5828
1420.6;2.5916
1421.4;2.5948
1422.2;2.5978
1422.9;2.6047
1423.7;2.6141
1424.5;2.6217
1425.3;2.6253
1426.1;2.6278
1426.9;2.6307
1427.6;2.633
1428.4;2.6348
1429.2;2.6347
1430;2.6359
1430.8;2.6446
1431.6;2.6564
1432.4;2.6606
1433.2;2.66
1434;2.6655
1434.8;2.6757
1435.5;2.6799
1436.3;2.6803
1437.1;2.6847
1437.9;2.6863
1438.7;2.6849
1439.5;2.6872
1440.3;2.6907
1441.1;2.6947
1441.9;2.6987
1442.7;2.7011
1443.5;2.7058
1444.3;2.7147
1445.1;2.7208
1446;2.7177
1446.8;2.7076
1447.6;2.7002
1448.4;2.7024
1449.2;2.7081
1450;2.7083
1450.8;2.7033
1451.6;2.7015
1452.4;2.7067
1453.2;2.7127
1454.1;2.714
1454.9;2.714
1455.7;2.7163
1456.5;2.7189
1457.3;2.7161
1458.2;2.7114
1459;2.7126
1459.8;2.7151
1460.6;2.7112
1461.4;2.7035
1462.3;2.7016
1463.1;2.7084
1463.9;2.713
1464.7;2.7104
1465.6;2.7087
1466.4;2.7129
1467.2;2.7174
1468.1;2.7143
1468.9;2.7058
1469.7;2.6996
1470.6;2.698
1471.4;2.6963
1472.2;2.69
1473.1;2.684
1473.9;2.6823
1474.7;2.6847
1475.6;2.6889
1476.4;2.6915
1477.3;2.6898
1478.1;2.6829
1478.9;2.674
1479.8;2.6688
1480.6;2.6717
1481.5;2.6749
1482.3;2.6678
1483.2;2.6561
1484;2.6504
1484.9;2.6517
1485.7;2.649
1486.6;2.6377
1487.4;2.6266
1488.3;2.6227
1489.1;2.6215
1490;2.6188
1490.9;2.6138
1491.7;2.6076
1492.6;2.601
1493.4;2.5965
1494.3;2.5916
1495.2;2.5854
1496;2.5838
1496.9;2.5865
1497.7;2.5867
1498.6;2.5821
1499.5;2.5749
1500.3;2.569
1501.2;2.566
1502.1;2.5636
1503;2.5602
1503.8;2.5556
1504.7;2.55
1505.6;2.5452
1506.4;2.5425
1507.3;2.5397
1508.2;2.5335
1509.1;2.5256
1510;2.5203
1510.8;2.5168
1511.7;2.5127
1512.6;2.5091
1513.5;2.5076
1514.4;2.5074
1515.3;2.5065
1516.1;2.5019
1517;2.4943
1517.9;2.4874
1518.8;2.4824
1519.7;2.4807
1520.6;2.481
1521.5;2.4779
1522.4;2.4708
1523.3;2.4645
1524.2;2.4598
1525.1;2.4536
1526;2.4449
1526.9;2.4374
1527.8;2.4354
1528.7;2.4367
1529.6;2.4352
1530.5;2.4296
1531.4;2.424
1532.3;2.4213
1533.2;2.4192
1534.1;2.415
1535;2.4092
1535.9;2.4034
1536.8;2.3979
1537.7;2.3938
1538.6;2.391
1539.5;2.3852
1540.5;2.3778
1541.4;2.3744
1542.3;2.3725
1543.2;2.3678
1544.1;2.3623
1545.1;2.3569
1546;2.3525
1546.9;2.3509
1547.8;2.35
1548.7;2.3468
1549.7;2.3428
1550.6;2.3388
1551.5;2.3339
1552.5;2.3296
1553.4;2.326
1554.3;2.3212
1555.2;2.3157
1556.2;2.3104
1557.1;2.3049
1558.1;2.301
1559;2.2999
1559.9;2.2985
1560.9;2.2938
1561.8;2.2872
1562.7;2.2807
1563.7;2.2772
1564.6;2.2776
1565.6;2.2778
1566.5;2.2753
1567.5;2.2707
1568.4;2.2664
1569.4;2.2636
1570.3;2.2606
1571.3;2.2568
1572.2;2.253
1573.2;2.2493
1574.1;2.2456
1575.1;2.2437
1576;2.2423
1577;2.2387
1578;2.2342
1578.9;2.2302
1579.9;2.226
1580.9;2.2225
1581.8;2.2204
1582.8;2.2194
1583.7;2.2183
1584.7;2.2155
1585.7;2.2116
1586.7;2.2088
1587.6;2.206
1588.6;2.2022
1589.6;2.1979
1590.6;2.195
1591.5;2.1937
1592.5;2.1909
1593.5;2.1871
1594.5;2.1848
1595.4;2.1827
1596.4;2.1802
1597.4;2.178
1598.4;2.1756
1599.4;2.1717
1600.4;2.1673
1601.4;2.1646
1602.3;2.1636
1603.3;2.1619
1604.3;2.1589
1605.3;2.1557
1606.3;2.1526
1607.3;2.1501
1608.3;2.148
1609.3;2.1463
1610.3;2.1455
1611.3;2.1443
1612.3;2.1415
1613.3;2.1389
1614.3;2.137
1615.3;2.135
1616.3;2.1322
1617.3;2.1291
1618.4;2.128
1619.4;2.1288
1620.4;2.1281
1621.4;2.125
1622.4;2.1216
1623.4;2.1192
1624.4;2.1186
1625.5;2.1187
1626.5;2.1174
1627.5;2.115
1628.5;2.1127
1629.5;2.1101
1630.6;2.1075
1631.6;2.1057
1632.6;2.1051
1633.6;2.1052
1634.7;2.1049
1635.7;2.103
1636.7;2.0998
1637.8;2.0968
1638.8;2.0948
1639.8;2.0937
1640.9;2.0923
1641.9;2.0905
1643;2.0888
1644;2.0874
1645;2.0865
1646.1;2.0859
1647.1;2.0853
1648.2;2.0849
1649.2;2.0841
1650.3;2.0829
1651.3;2.0817
1652.4;2.0809
1653.4;2.08
1654.5;2.0783
1655.6;2.0769
1656.6;2.0769
1657.7;2.0772
1658.7;2.0773
1659.8;2.0773
1660.9;2.0772
1661.9;2.0778
1663;2.0788
1664.1;2.0789
1665.1;2.0776
1666.2;2.0759
1667.3;2.0754
1668.3;2.076
1669.4;2.0771
1670.5;2.0773
1671.6;2.0766
1672.6;2.0768
1673.7;2.0788
1674.8;2.0805
1675.9;2.0808
1677;2.081
1678.1;2.0821
1679.1;2.0836
1680.2;2.085
1681.3;2.0867
1682.4;2.0885
1683.5;2.0895
1684.6;2.0904
1685.7;2.0921
1686.8;2.0936
1687.9;2.0945
1689;2.0952
1690.1;2.0963
1691.2;2.098
1692.3;2.1002
1693.4;2.1026
1694.5;2.1041
1695.6;2.105
1696.7;2.1052
1697.8;2.1051
1699;2.106
1700.1;2.1075
1701.2;2.1087
1702.3;2.1097
1703.4;2.1107
1704.5;2.1125
1705.7;2.1149
1706.8;2.1169
1707.9;2.118
1709;2.1195
1710.2;2.121
1711.3;2.1221
1712.4;2.1237
1713.5;2.1255
1714.7;2.1268
1715.8;2.1288
1717;2.1322
1718.1;2.1352
1719.2;2.1363
1720.4;2.1368
1721.5;2.1388
1722.7;2.1417
1723.8;2.1444
1724.9;2.1469
1726.1;2.1492
1727.2;2.1521
1728.4;2.1555
1729.6;2.1579
1730.7;2.1591
1731.9;2.1601
1733;2.1613
1734.2;2.1627
1735.3;2.1646
1736.5;2.1666
1737.7;2.1679
1738.8;2.1687
1740;2.1701
1741.2;2.1719
1742.3;2.1732
1743.5;2.1749
1744.7;2.1772
1745.9;2.1797
1747;2.1823
1748.2;2.1846
1749.4;2.1875
1750.6;2.1915
1751.8;2.1956
1752.9;2.1977
1754.1;2.1981
1755.3;2.1998
1756.5;2.2026
1757.7;2.2048
1758.9;2.2073
1760.1;2.2107
1761.3;2.2144
1762.5;2.218
1763.7;2.2206
1764.9;2.2216
1766.1;2.2227
1767.3;2.225
1768.5;2.2272
1769.7;2.2284
1770.9;2.2287
1772.1;2.229
1773.3;2.2316
1774.5;2.2352
1775.8;2.2365
1777;2.2363
1778.2;2.237
1779.4;2.238
1780.6;2.2394
1781.9;2.2414
1783.1;2.2425
1784.3;2.243
1785.5;2.2441
1786.8;2.2448
1788;2.2452
1789.2;2.2456
1790.5;2.2446
1791.7;2.2441
1792.9;2.2457
1794.2;2.247
1795.4;2.2462
1796.7;2.2445
1797.9;2.2431
1799.2;2.2431
1800.4;2.2435
1801.7;2.2419
1802.9;2.2395
1804.2;2.2389
1805.4;2.2395
1806.7;2.239
1807.9;2.2364
1809.2;2.2335
1810.5;2.233
1811.7;2.2351
1813;2.2364
1814.3;2.2356
1815.5;2.2344
1816.8;2.2339
1818.1;2.2332
1819.4;2.2319
1820.6;2.2315
1821.9;2.2317
1823.2;2.2314
1824.5;2.2309
1825.8;2.2311
1827.1;2.2311
1828.3;2.2312
1829.6;2.2325
1830.9;2.2346
1832.2;2.2361
1833.5;2.2374
1834.8;2.238
1836.1;2.2384
1837.4;2.2409
1838.7;2.246
1840;2.2506
1841.3;2.2537
1842.6;2.2574
1844;2.2624
1845.3;2.2669
1846.6;2.2704
1847.9;2.276
1849.2;2.2842
1850.5;2.2918
1851.9;2.2992
1853.2;2.3076
1854.5;2.3168
1855.8;2.3269
1857.2;2.3381
1858.5;2.3504
1859.8;2.3635
1861.2;2.3762
1862.5;2.3889
1863.8;2.4052
1865.2;2.4256
1866.5;2.4479
1867.9;2.4711
1869.2;2.4942
1870.6;2.5168
1871.9;2.5387
1873.3;2.5614
1874.6;2.5881
1876;2.6193
1877.3;2.6521
1878.7;2.6836
1880.1;2.7154
1881.4;2.7489
1882.8;2.7828
1884.2;2.8178
1885.5;2.8593
1886.9;2.9088
1888.3;2.9556
1889.6;2.9901
1891;3.0184
1892.4;3.05
1893.8;3.0856
1895.2;3.1159
1896.6;3.1469
1897.9;3.1828
1899.3;3.2122
1900.7;3.22
1902.1;3.2089
1903.5;3.2004
1904.9;3.2106
1906.3;3.2321
1907.7;3.2448
1909.1;3.2515
1910.5;3.2686
1911.9;3.2866
1913.4;3.3015
1914.8;3.3166
1916.2;3.3216
1917.6;3.3272
1919;3.3315
1920.4;3.3258
1921.9;3.3197
1923.3;3.3186
1924.7;3.3171
1926.1;3.3094
1927.6;3.3086
1929;3.3284
1930.5;3.3518
1931.9;3.3602
1933.3;3.361
1934.8;3.3612
1936.2;3.3625
1937.7;3.3609
1939.1;3.3564
1940.6;3.3606
1942;3.3667
1943.5;3.3564
1944.9;3.3343
1946.4;3.3209
1947.9;3.3224
1949.3;3.3247
1950.8;3.3254
1952.3;3.3351
1953.7;3.3392
1955.2;3.3181
1956.7;3.2998
1958.2;3.2962
1959.6;3.2944
1961.1;3.2882
1962.6;3.2896
1964.1;3.2946
1965.6;3.2935
1967.1;3.2843
1968.6;3.2613
1970.1;3.237
1971.6;3.2395
1973.1;3.2545
1974.6;3.2529
1976.1;3.237
1977.6;3.2231
1979.1;3.2019
1980.6;3.1845
1982.1;3.1881
1983.6;3.2046
1985.1;3.2149
1986.7;3.2059
1988.2;3.195
1989.7;3.198
1991.2;3.192
1992.8;3.1737
1994.3;3.1627
1995.8;3.1576
1997.4;3.1455
1998.9;3.1358
2000.5;3.1395
2002;3.1383
2003.6;3.1111
2005.1;3.0823
2006.7;3.076
2008.2;3.0809
2009.8;3.0815
2011.3;3.0785
2012.9;3.0778
2014.5;3.0792
2016;3.0788
2017.6;3.0689
2019.2;3.0564
2020.7;3.0505
2022.3;3.0457
2023.9;3.03
2025.5;3.0187
2027.1;3.0216
2028.6;3.0275
2030.2;3.0259
2031.8;3.0153
2033.4;3.0011
2035;2.9894
2036.6;2.9785
2038.2;2.9654
2039.8;2.9607
2041.4;2.9684
2043;2.9722
2044.6;2.9592
2046.2;2.9451
2047.9;2.9429
2049.5;2.9454
2051.1;2.9452
2052.7;2.9496
2054.4;2.9483
2056;2.928
2057.6;2.9053
2059.3;2.8925
2060.9;2.8888
2062.5;2.8877
2064.2;2.8817
2065.8;2.8756
2067.5;2.8727
2069.1;2.8693
2070.8;2.8617
2072.4;2.8444
2074.1;2.829
2075.7;2.8237
2077.4;2.8197
2079.1;2.8132
2080.7;2.8074
2082.4;2.803
2084.1;2.8008
2085.8;2.7986
2087.4;2.7932
2089.1;2.7881
2090.8;2.7854
2092.5;2.7827
2094.2;2.7748
2095.9;2.759
2097.6;2.7423
2099.3;2.736
2101;2.74
2102.7;2.7413
2104.4;2.7342
2106.1;2.7262
2107.8;2.7252
2109.5;2.7231
2111.2;2.7154
2113;2.7111
2114.7;2.7133
2116.4;2.7155
2118.1;2.711
2119.9;2.6987
2121.6;2.6854
2123.3;2.6774
2125.1;2.6726
2126.8;2.6687
2128.6;2.6683
2130.3;2.6696
2132.1;2.6702
2133.8;2.6642
2135.6;2.6505
2137.3;2.6383
2139.1;2.635
2140.9;2.6391
2142.6;2.6415
2144.4;2.6342
2146.2;2.6227
2148;2.6173
2149.7;2.6196
2151.5;2.626
2153.3;2.632
2155.1;2.6362
2156.9;2.6369
2158.7;2.6297
2160.5;2.6203
2162.3;2.617
2164.1;2.6182
2165.9;2.6196
2167.7;2.6175
2169.5;2.6132
2171.4;2.6134
2173.2;2.616
2175;2.6111
2176.8;2.5984
2178.7;2.5892
2180.5;2.5852
2182.3;2.5842
2184.2;2.5863
2186;2.588
2187.8;2.5875
2189.7;2.5853
2191.5;2.5803
2193.4;2.5743
2195.3;2.5696
2197.1;2.5664
2199;2.5655
2200.8;2.5686
2202.7;2.5663
2204.6;2.5524
2206.5;2.539
2208.3;2.5347
2210.2;2.5364
2212.1;2.5393
2214;2.5422
2215.9;2.5484
2217.8;2.5544
2219.7;2.5522
2221.6;2.5383
2223.5;2.5203
2225.4;2.5129
2227.3;2.5182
2229.2;2.5258
2231.2;2.5303
2233.1;2.5314
2235;2.5333
2236.9;2.5335
2238.9;2.5286
2240.8;2.5207
2242.7;2.5163
2244.7;2.5218
2246.6;2.5337
2248.6;2.5425
2250.5;2.5474
2252.5;2.5515
2254.4;2.551
2256.4;2.5492
2258.4;2.5529
2260.3;2.5533
2262.3;2.5467
2264.3;2.5413
2266.3;2.5439
2268.2;2.552
2270.2;2.5635
2272.2;2.5719
2274.2;2.5673
2276.2;2.5611
2278.2;2.5674
2280.2;2.5807
2282.2;2.5924
2284.2;2.597
2286.2;2.5985
2288.3;2.5999
2290.3;2.5939
2292.3;2.5898
2294.3;2.599
2296.4;2.6104
2298.4;2.6175
2300.4;2.6247
2302.5;2.6303
2304.5;2.6319
2306.6;2.6268
2308.6;2.6136
2310.7;2.6005
2312.8;2.6035
2314.8;2.6149
2316.9;2.6066
2319;2.5831
2321;2.5701
2323.1;2.5794
2325.2;2.591
2327.3;2.5933
2329.4;2.5951
2331.5;2.5994
2333.6;2.6059
2335.7;2.6145
2337.8;2.6181
2339.9;2.6139
2342;2.6065
2344.1;2.6071
2346.2;2.617
2348.4;2.6189
2350.5;2.6002
2352.6;2.5747
2354.8;2.5583
2356.9;2.56
2359.1;2.573
2361.2;2.5747
2363.4;2.5583
2365.5;2.5477
2367.7;2.5545
2369.8;2.5727
2372;2.6
2374.2;2.6125
2376.4;2.5976
2378.5;2.5617
2380.7;2.537
2382.9;2.5328
2385.1;2.5322
2387.3;2.5366
2389.5;2.548
2391.7;2.5526
2393.9;2.553
2396.1;2.542
2398.3;2.5208
2400.6;2.497
2402.8;2.4937
2405;2.4976
2407.2;2.4872
2409.5;2.4885
2411.7;2.5136
2414;2.5309
2416.2;2.521
2418.5;2.4904
2420.7;2.4669
2423;2.4708
2425.3;2.4705
2427.5;2.4346
2429.8;2.3858
2432.1;2.3925
2434.4;2.4444
2436.7;2.4596
2438.9;2.3949
2441.2;2.3352
2443.5;2.3418
2445.8;2.3872
2448.2;2.3973
2450.5;2.3422
2452.8;2.3041
2455.1;2.3205
2457.4;2.368
2459.8;2.3156
2462.1;2.2393
2464.4;2.2213
2466.8;2.2399
2469.1;2.2881
2471.5;2.2647
2473.9;2.2071
2476.2;2.22
2478.6;2.1784
2481;2.1264
2483.3;2.1225
2485.7;2.0579
2488.1;2.0253
2490.5;2.0235
2492.9;1.9375
2495.3;1.8873
2497.7;1.8755
2500.1;1.908
