800.43;0.61764
800.68;0.61368
800.93;0.60645
801.17;0.60253
801.42;0.60071
801.67;0.59487
801.92;0.59386
802.17;0.60356
802.41;0.61277
802.66;0.61451
802.91;0.60944
803.16;0.60182
803.41;0.60121
803.66;0.60857
803.91;0.61441
804.16;0.61309
804.41;0.60702
804.65;0.60142
804.9;0.59861
805.15;0.59613
805.4;0.59557
805.66;0.59921
805.91;0.60184
806.16;0.59914
806.41;0.59231
806.66;0.58691
806.91;0.58801
807.16;0.59199
807.41;0.59356
807.66;0.59379
807.91;0.59452
808.17;0.59685
808.42;0.59994
808.67;0.60034
808.92;0.59841
809.18;0.59812
809.43;0.59845
809.68;0.59513
809.93;0.59004
810.19;0.58943
810.44;0.59471
810.69;0.60025
810.95;0.60019
811.2;0.59529
811.45;0.5901
811.71;0.58448
811.96;0.58022
812.22;0.58222
812.47;0.58606
812.73;0.58601
812.98;0.58442
813.24;0.58331
813.49;0.58322
813.75;0.5844
814;0.58209
814.26;0.57611
814.51;0.57329
814.77;0.57513
815.03;0.57855
815.28;0.58005
815.54;0.57778
815.8;0.57393
816.05;0.57211
816.31;0.57449
816.57;0.57911
816.82;0.58021
817.08;0.57635
817.34;0.57543
817.6;0.57999
817.85;0.58123
818.11;0.57738
818.37;0.57385
818.63;0.57116
818.89;0.56883
819.15;0.56965
819.41;0.57316
819.66;0.57476
819.92;0.57421
820.18;0.57296
820.44;0.57029
820.7;0.56757
820.96;0.56869
821.22;0.57262
821.48;0.57212
821.74;0.56521
822;0.55735
822.26;0.55428
822.52;0.55774
822.79;0.56222
823.05;0.5623
823.31;0.56076
823.57;0.56087
823.83;0.561
824.09;0.56169
824.36;0.56456
824.62;0.56604
824.88;0.56425
825.14;0.56053
825.41;0.55491
825.67;0.55074
825.93;0.55203
826.19;0.55785
826.46;0.56419
826.72;0.56498
826.98;0.55945
827.25;0.55561
827.51;0.5576
827.78;0.561
828.04;0.56186
828.31;0.56087
828.57;0.56055
828.84;0.5611
829.1;0.56193
829.37;0.56249
829.63;0.56192
829.9;0.55995
830.16;0.55577
830.43;0.55266
830.69;0.55566
830.96;0.56161
831.23;0.56446
831.49;0.56556
831.76;0.56709
832.03;0.5656
832.29;0.56139
832.56;0.55996
832.83;0.56248
833.1;0.56388
833.36;0.55908
833.63;0.55204
833.9;0.55165
834.17;0.55809
834.44;0.56406
834.71;0.56492
834.98;0.56305
835.24;0.56179
835.51;0.55982
835.78;0.55738
836.05;0.55734
836.32;0.55784
836.59;0.55451
836.86;0.54916
837.13;0.54671
837.4;0.54659
837.67;0.54801
837.94;0.55208
838.21;0.55551
838.49;0.55459
838.76;0.55169
839.03;0.55091
839.3;0.55081
839.57;0.55082
839.84;0.55605
840.12;0.56444
840.39;0.56724
840.66;0.56286
840.93;0.55612
841.21;0.55252
841.48;0.55434
841.75;0.55652
842.03;0.55619
842.3;0.55852
842.57;0.56344
842.85;0.56333
843.12;0.5579
843.4;0.55587
843.67;0.55818
843.94;0.55758
844.22;0.55472
844.49;0.55382
844.77;0.55361
845.04;0.55377
845.32;0.55653
845.6;0.56043
845.87;0.56195
846.15;0.56126
846.42;0.56041
846.7;0.55851
846.98;0.55479
847.25;0.55226
847.53;0.55249
847.81;0.55312
848.09;0.55345
848.36;0.55482
848.64;0.55571
848.92;0.55606
849.2;0.55794
849.48;0.5589
849.75;0.55715
850.03;0.55586
850.31;0.55684
850.59;0.55928
850.87;0.56019
851.15;0.55733
851.43;0.55431
851.71;0.55472
851.99;0.55608
852.27;0.55605
852.55;0.55746
852.83;0.56169
853.11;0.56437
853.39;0.56266
853.67;0.55835
853.95;0.55379
854.23;0.55186
854.51;0.55447
854.8;0.55957
855.08;0.56311
855.36;0.56166
855.64;0.55842
855.93;0.56031
856.21;0.5658
856.49;0.5686
856.77;0.56718
857.06;0.56382
857.34;0.56243
857.62;0.56449
857.91;0.56639
858.19;0.5663
858.48;0.56628
858.76;0.56672
859.05;0.56681
859.33;0.56604
859.61;0.56375
859.9;0.56178
860.19;0.56378
860.47;0.56922
860.76;0.57287
861.04;0.57369
861.33;0.57431
861.61;0.57401
861.9;0.57167
862.19;0.56904
862.47;0.56855
862.76;0.57096
863.05;0.57405
863.34;0.57536
863.62;0.5751
863.91;0.57412
864.2;0.57361
864.49;0.57553
864.78;0.57713
865.06;0.57508
865.35;0.57348
865.64;0.5743
865.93;0.57392
866.22;0.57276
866.51;0.57332
866.8;0.57398
867.09;0.57277
867.38;0.57093
867.67;0.57094
867.96;0.57398
868.25;0.57755
868.54;0.57691
868.83;0.57299
869.12;0.57295
869.42;0.57711
869.71;0.57819
870;0.57546
870.29;0.57449
870.58;0.57605
870.88;0.57669
871.17;0.57577
871.46;0.57469
871.75;0.57395
872.05;0.57394
872.34;0.57435
872.63;0.5755
872.93;0.57807
873.22;0.58019
873.52;0.58031
873.81;0.57851
874.11;0.57516
874.4;0.57293
874.7;0.57386
874.99;0.57615
875.29;0.57839
875.58;0.58032
875.88;0.58114
876.17;0.58143
876.47;0.58288
876.77;0.58555
877.06;0.58717
877.36;0.58669
877.66;0.58618
877.95;0.58639
878.25;0.58662
878.55;0.58766
878.85;0.58883
879.14;0.58725
879.44;0.58326
879.74;0.5807
880.04;0.58108
880.34;0.58428
880.64;0.58945
880.94;0.59208
881.24;0.59059
881.54;0.58924
881.84;0.59019
882.14;0.59128
882.44;0.59152
882.74;0.5929
883.04;0.59492
883.34;0.59499
883.64;0.59471
883.94;0.59543
884.24;0.59509
884.54;0.59377
884.85;0.59334
885.15;0.59482
885.45;0.59817
885.75;0.60083
886.06;0.60091
886.36;0.60017
886.66;0.59988
886.96;0.60036
887.27;0.60329
887.57;0.60714
887.88;0.60804
888.18;0.60669
888.48;0.60561
888.79;0.60495
889.09;0.60524
889.4;0.60551
889.7;0.60481
890.01;0.60558
890.32;0.60649
890.62;0.60571
890.93;0.60672
891.23;0.60966
891.54;0.61131
891.85;0.61193
892.15;0.61319
892.46;0.61485
892.77;0.6146
893.08;0.61212
893.38;0.61036
893.69;0.61032
894;0.61009
894.31;0.60919
894.62;0.60971
894.93;0.61246
895.23;0.61518
895.54;0.61613
895.85;0.61636
896.16;0.61815
896.47;0.62077
896.78;0.62184
897.09;0.62203
897.4;0.62224
897.71;0.62182
898.02;0.62163
898.34;0.62322
898.65;0.62615
898.96;0.62839
899.27;0.62924
899.58;0.62936
899.9;0.62939
900.21;0.62963
900.52;0.63092
900.83;0.63365
901.15;0.63653
901.46;0.63928
901.77;0.64143
902.09;0.64152
902.4;0.64067
902.72;0.64034
903.03;0.64033
903.34;0.64101
903.66;0.64199
903.97;0.64253
904.29;0.64438
904.6;0.64792
904.92;0.65035
905.24;0.65049
905.55;0.6497
905.87;0.65002
906.19;0.65291
906.5;0.65758
906.82;0.66072
907.14;0.65996
907.45;0.65743
907.77;0.65681
908.09;0.65913
908.41;0.66208
908.73;0.66328
909.05;0.66303
909.36;0.66215
909.68;0.66154
910;0.66212
910.32;0.66364
910.64;0.66574
910.96;0.66887
911.28;0.67196
911.6;0.67264
911.92;0.67102
912.24;0.66989
912.57;0.67137
912.89;0.67401
913.21;0.67486
913.53;0.67399
913.85;0.67329
914.17;0.67348
914.5;0.67407
914.82;0.67486
915.14;0.67513
915.47;0.67419
915.79;0.67378
916.11;0.67523
916.44;0.67741
916.76;0.67773
917.08;0.67537
917.41;0.67405
917.73;0.6759
918.06;0.67747
918.38;0.67651
918.71;0.67525
919.04;0.67635
919.36;0.67842
919.69;0.67834
920.01;0.67726
920.34;0.67743
920.67;0.67761
920.99;0.67624
921.32;0.67392
921.65;0.67265
921.98;0.67308
922.3;0.67408
922.63;0.67515
922.96;0.67589
923.29;0.67518
923.62;0.67295
923.95;0.67102
924.28;0.67014
924.61;0.66944
924.94;0.66947
925.27;0.67022
925.6;0.67038
925.93;0.66957
926.26;0.66839
926.59;0.66756
926.92;0.66726
927.25;0.66665
927.58;0.66572
927.92;0.66644
928.25;0.66856
928.58;0.66906
928.91;0.66769
929.25;0.66679
929.58;0.66668
929.91;0.666
930.25;0.66488
930.58;0.66395
930.91;0.66308
931.25;0.66256
931.58;0.66172
931.92;0.66044
932.25;0.66102
932.59;0.6631
932.92;0.66348
933.26;0.66158
933.6;0.65993
933.93;0.65969
934.27;0.65956
934.61;0.65989
934.94;0.66155
935.28;0.66244
935.62;0.66142
935.96;0.66022
936.29;0.66037
936.63;0.66099
936.97;0.66028
937.31;0.65908
937.65;0.65939
937.99;0.66056
938.33;0.66047
938.67;0.65996
939.01;0.66143
939.35;0.6638
939.69;0.66485
940.03;0.66502
940.37;0.66501
940.71;0.66437
941.05;0.66346
941.39;0.66358
941.74;0.66481
942.08;0.66586
942.42;0.66605
942.76;0.66619
943.11;0.66637
943.45;0.66548
943.79;0.66489
944.14;0.6661
944.48;0.6673
944.82;0.6673
945.17;0.66683
945.51;0.6664
945.86;0.66633
946.2;0.66665
946.55;0.66702
946.89;0.66753
947.24;0.66838
947.59;0.66869
947.93;0.66796
948.28;0.66768
948.63;0.66862
948.97;0.66921
949.32;0.66873
949.67;0.66871
950.02;0.6692
950.37;0.66899
950.71;0.66866
951.06;0.6684
951.41;0.66732
951.76;0.66621
952.11;0.66645
952.46;0.66773
952.81;0.66858
953.16;0.66812
953.51;0.66695
953.86;0.66638
954.21;0.66635
954.56;0.66671
954.92;0.66788
955.27;0.66879
955.62;0.6688
955.97;0.66903
956.33;0.66944
956.68;0.66904
957.03;0.66836
957.38;0.66823
957.74;0.66797
958.09;0.66762
958.45;0.6679
958.8;0.66822
959.16;0.66775
959.51;0.66733
959.87;0.66813
960.22;0.66846
960.58;0.66658
960.93;0.66448
961.29;0.66414
961.65;0.66514
962;0.66665
962.36;0.66755
962.72;0.66726
963.07;0.66698
963.43;0.66715
963.79;0.66674
964.15;0.66591
964.51;0.66579
964.87;0.66618
965.23;0.66593
965.59;0.66545
965.95;0.66554
966.31;0.66594
966.67;0.66659
967.03;0.66708
967.39;0.667
967.75;0.66685
968.11;0.66686
968.47;0.66715
968.83;0.66744
969.2;0.66718
969.56;0.66636
969.92;0.66502
970.28;0.66412
970.65;0.66528
971.01;0.6676
971.37;0.66891
971.74;0.66933
972.1;0.66938
972.47;0.66852
972.83;0.66712
973.2;0.66631
973.56;0.66682
973.93;0.66821
974.29;0.6689
974.66;0.6689
975.03;0.66922
975.39;0.66985
975.76;0.67039
976.13;0.67075
976.5;0.67098
976.86;0.67115
977.23;0.67144
977.6;0.6716
977.97;0.67175
978.34;0.67276
978.71;0.674
979.08;0.67461
979.45;0.67532
979.82;0.67629
980.19;0.67704
980.56;0.67769
980.93;0.67817
981.3;0.67818
981.67;0.67833
982.04;0.67902
982.42;0.67934
982.79;0.6792
983.16;0.67939
983.53;0.67989
983.91;0.68038
984.28;0.68082
984.66;0.68117
985.03;0.68169
985.4;0.68225
985.78;0.68261
986.15;0.68374
986.53;0.68575
986.9;0.68706
987.28;0.6873
987.66;0.68774
988.03;0.68876
988.41;0.68914
988.79;0.68834
989.16;0.68759
989.54;0.68829
989.92;0.69065
990.3;0.69349
990.68;0.69507
991.05;0.69476
991.43;0.69384
991.81;0.69378
992.19;0.69462
992.57;0.69579
992.95;0.69719
993.33;0.69858
993.71;0.69919
994.09;0.6991
994.48;0.69938
994.86;0.70036
995.24;0.70121
995.62;0.70123
996;0.70088
996.39;0.7011
996.77;0.70196
997.15;0.70299
997.54;0.70407
997.92;0.70506
998.3;0.70551
998.69;0.7057
999.07;0.70636
999.46;0.70712
999.84;0.7076
1000.2;0.70866
1000.6;0.71032
1001;0.71141
1001.4;0.71182
1001.8;0.71248
1002.2;0.71327
1002.6;0.71358
1002.9;0.71408
1003.3;0.71561
1003.7;0.71764
1004.1;0.71913
1004.5;0.71961
1004.9;0.71935
1005.3;0.71969
1005.7;0.72148
1006.1;0.72322
1006.4;0.72392
1006.8;0.72473
1007.2;0.72593
1007.6;0.72673
1008;0.72774
1008.4;0.72957
1008.8;0.73115
1009.2;0.73189
1009.6;0.73249
1010;0.73326
1010.4;0.73426
1010.8;0.73575
1011.2;0.73722
1011.5;0.7378
1011.9;0.73784
1012.3;0.73822
1012.7;0.73894
1013.1;0.74
1013.5;0.74179
1013.9;0.74375
1014.3;0.74493
1014.7;0.74575
1015.1;0.74671
1015.5;0.74744
1015.9;0.74788
1016.3;0.74832
1016.7;0.74861
1017.1;0.74866
1017.5;0.74909
1017.9;0.75004
1018.3;0.7508
1018.7;0.75123
1019.1;0.7516
1019.5;0.75194
1019.9;0.75227
1020.3;0.7525
1020.7;0.75229
1021.1;0.75173
1021.5;0.7516
1021.9;0.75224
1022.3;0.75285
1022.7;0.7532
1023.1;0.7538
1023.5;0.75436
1023.9;0.75448
1024.3;0.75439
1024.7;0.75425
1025.1;0.75382
1025.6;0.75322
1026;0.75306
1026.4;0.75335
1026.8;0.75354
1027.2;0.75375
1027.6;0.75435
1028;0.75516
1028.4;0.7554
1028.8;0.75488
1029.2;0.75435
1029.6;0.75405
1030;0.75362
1030.4;0.75332
1030.9;0.7539
1031.3;0.75488
1031.7;0.75531
1032.1;0.75525
1032.5;0.75513
1032.9;0.7552
1033.3;0.75542
1033.7;0.75559
1034.1;0.75607
1034.6;0.7569
1035;0.75731
1035.4;0.75743
1035.8;0.75791
1036.2;0.75849
1036.6;0.75862
1037;0.75825
1037.5;0.75781
1037.9;0.75775
1038.3;0.75808
1038.7;0.75847
1039.1;0.75889
1039.5;0.75974
1040;0.76093
1040.4;0.76178
1040.8;0.76184
1041.2;0.76193
1041.6;0.76274
1042;0.76349
1042.5;0.76382
1042.9;0.76438
1043.3;0.76503
1043.7;0.76524
1044.1;0.76541
1044.6;0.76611
1045;0.76714
1045.4;0.76826
1045.8;0.76948
1046.2;0.77038
1046.7;0.77048
1047.1;0.77047
1047.5;0.77115
1047.9;0.77204
1048.4;0.77256
1048.8;0.77275
1049.2;0.77308
1049.6;0.7741
1050.1;0.7756
1050.5;0.77705
1050.9;0.77821
1051.3;0.77891
1051.8;0.7793
1052.2;0.77962
1052.6;0.77981
1053;0.78012
1053.5;0.78099
1053.9;0.78207
1054.3;0.783
1054.8;0.78408
1055.2;0.78555
1055.6;0.78716
1056;0.7881
1056.5;0.78829
1056.9;0.78878
1057.3;0.78996
1057.8;0.79126
1058.2;0.79249
1058.6;0.7937
1059.1;0.79457
1059.5;0.79485
1059.9;0.79498
1060.4;0.79575
1060.8;0.79744
1061.2;0.7995
1061.7;0.80126
1062.1;0.80277
1062.5;0.80401
1063;0.80493
1063.4;0.80602
1063.8;0.8078
1064.3;0.81017
1064.7;0.81243
1065.2;0.81425
1065.6;0.81604
1066;0.81809
1066.5;0.8202
1066.9;0.82225
1067.4;0.82479
1067.8;0.82776
1068.2;0.83024
1068.7;0.83224
1069.1;0.83469
1069.6;0.83761
1070;0.84024
1070.4;0.84262
1070.9;0.8454
1071.3;0.84881
1071.8;0.85243
1072.2;0.85548
1072.7;0.85793
1073.1;0.86073
1073.5;0.86444
1074;0.86852
1074.4;0.87216
1074.9;0.87528
1075.3;0.87871
1075.8;0.88284
1076.2;0.88666
1076.7;0.88954
1077.1;0.89216
1077.6;0.89524
1078;0.8989
1078.5;0.90308
1078.9;0.90773
1079.3;0.91207
1079.8;0.91556
1080.2;0.9189
1080.7;0.92221
1081.2;0.92504
1081.6;0.92764
1082.1;0.92999
1082.5;0.93187
1083;0.93359
1083.4;0.93534
1083.9;0.93708
1084.3;0.93918
1084.8;0.94135
1085.2;0.9423
1085.7;0.94226
1086.1;0.94247
1086.6;0.94307
1087;0.94368
1087.5;0.94385
1088;0.9433
1088.4;0.94254
1088.9;0.9421
1089.3;0.9417
1089.8;0.94077
1090.2;0.93979
1090.7;0.93949
1091.2;0.93908
1091.6;0.93767
1092.1;0.93602
1092.5;0.93473
1093;0.93329
1093.5;0.9317
1093.9;0.9304
1094.4;0.92935
1094.8;0.92806
1095.3;0.92614
1095.8;0.92407
1096.2;0.9225
1096.7;0.92132
1097.2;0.91988
1097.6;0.91821
1098.1;0.91696
1098.6;0.91606
1099;0.91501
1099.5;0.91373
1100;0.91215
1100.4;0.91024
1100.9;0.90809
1101.4;0.90617
1101.8;0.90491
1102.3;0.90353
1102.8;0.90127
1103.2;0.89881
1103.7;0.89666
1104.2;0.8943
1104.6;0.89205
1105.1;0.89041
1105.6;0.88867
1106.1;0.88628
1106.5;0.88368
1107;0.88117
1107.5;0.8787
1107.9;0.87627
1108.4;0.87387
1108.9;0.87183
1109.4;0.87047
1109.8;0.86926
1110.3;0.86737
1110.8;0.86502
1111.3;0.86312
1111.7;0.86167
1112.2;0.86008
1112.7;0.85821
1113.2;0.85595
1113.7;0.8536
1114.1;0.85174
1114.6;0.85039
1115.1;0.84909
1115.6;0.84748
1116.1;0.84582
1116.5;0.84462
1117;0.84389
1117.5;0.84291
1118;0.84127
1118.5;0.83964
1118.9;0.83839
1119.4;0.83701
1119.9;0.83567
1120.4;0.83466
1120.9;0.8337
1121.4;0.83282
1121.9;0.83216
1122.3;0.83121
1122.8;0.82971
1123.3;0.82818
1123.8;0.82722
1124.3;0.82675
1124.8;0.82645
1125.3;0.82617
1125.7;0.82598
1126.2;0.82594
1126.7;0.82588
1127.2;0.82562
1127.7;0.82504
1128.2;0.82429
1128.7;0.82394
1129.2;0.82435
1129.7;0.82516
1130.2;0.82589
1130.7;0.82638
1131.2;0.82682
1131.6;0.82738
1132.1;0.82788
1132.6;0.82816
1133.1;0.82877
1133.6;0.83023
1134.1;0.83192
1134.6;0.83314
1135.1;0.83425
1135.6;0.83546
1136.1;0.83672
1136.6;0.83818
1137.1;0.8397
1137.6;0.84122
1138.1;0.84283
1138.6;0.84437
1139.1;0.84577
1139.6;0.84728
1140.1;0.84894
1140.6;0.85049
1141.1;0.85203
1141.6;0.85388
1142.1;0.85594
1142.6;0.85779
1143.1;0.85925
1143.6;0.86039
1144.1;0.86119
1144.6;0.86176
1145.1;0.86256
1145.6;0.86395
1146.2;0.86548
1146.7;0.86642
1147.2;0.86692
1147.7;0.86709
1148.2;0.86695
1148.7;0.86706
1149.2;0.86713
1149.7;0.86618
1150.2;0.8649
1150.7;0.86497
1151.2;0.86571
1151.8;0.86545
1152.3;0.86472
1152.8;0.86426
1153.3;0.86367
1153.8;0.86293
1154.3;0.86233
1154.8;0.86186
1155.3;0.86149
1155.9;0.8612
1156.4;0.86077
1156.9;0.86028
1157.4;0.85989
1157.9;0.85959
1158.4;0.85939
1159;0.8593
1159.5;0.85919
1160;0.85901
1160.5;0.8591
1161;0.85967
1161.6;0.8604
1162.1;0.86099
1162.6;0.86165
1163.1;0.86257
1163.6;0.86377
1164.2;0.86514
1164.7;0.86645
1165.2;0.86758
1165.7;0.8688
1166.3;0.87017
1166.8;0.87152
1167.3;0.87287
1167.8;0.87438
1168.4;0.87611
1168.9;0.87791
1169.4;0.87968
1169.9;0.88174
1170.5;0.88434
1171;0.88699
1171.5;0.88923
1172.1;0.8915
1172.6;0.89413
1173.1;0.89658
1173.7;0.89881
1174.2;0.90119
1174.7;0.90372
1175.2;0.90643
1175.8;0.90923
1176.3;0.9118
1176.8;0.91408
1177.4;0.9164
1177.9;0.91906
1178.5;0.92199
1179;0.92504
1179.5;0.92816
1180.1;0.93122
1180.6;0.93409
1181.1;0.93695
1181.7;0.94009
1182.2;0.94339
1182.8;0.94664
1183.3;0.94994
1183.8;0.95329
1184.4;0.95646
1184.9;0.95924
1185.5;0.9618
1186;0.96451
1186.5;0.96738
1187.1;0.97027
1187.6;0.97322
1188.2;0.97641
1188.7;0.97953
1189.3;0.98215
1189.8;0.9846
1190.4;0.98727
1190.9;0.98993
1191.5;0.99233
1192;0.99492
1192.5;0.99809
1193.1;1.0009
1193.6;1.0025
1194.2;1.0035
1194.7;1.005
1195.3;1.007
1195.8;1.0088
1196.4;1.0104
1197;1.0115
1197.5;1.0123
1198.1;1.0129
1198.6;1.0135
1199.2;1.0137
1199.7;1.0134
1200.3;1.0135
1200.8;1.0139
1201.4;1.014
1201.9;1.0138
1202.5;1.0136
1203.1;1.013
1203.6;1.0121
1204.2;1.0112
1204.7;1.0102
1205.3;1.0092
1205.9;1.0085
1206.4;1.0079
1207;1.0068
1207.5;1.0055
1208.1;1.0042
1208.7;1.0029
1209.2;1.0016
1209.8;1.0005
1210.4;0.99924
1210.9;0.9978
1211.5;0.99605
1212.1;0.9943
1212.6;0.99276
1213.2;0.99112
1213.8;0.98938
1214.3;0.98781
1214.9;0.98651
1215.5;0.98549
1216;0.98459
1216.6;0.98374
1217.2;0.98287
1217.8;0.98178
1218.3;0.98065
1218.9;0.97987
1219.5;0.97935
1220;0.97866
1220.6;0.97783
1221.2;0.97722
1221.8;0.97699
1222.3;0.97691
1222.9;0.97676
1223.5;0.97662
1224.1;0.97654
1224.7;0.97655
1225.2;0.97683
1225.8;0.97732
1226.4;0.97754
1227;0.97746
1227.6;0.97771
1228.1;0.97847
1228.7;0.97899
1229.3;0.97882
1229.9;0.97829
1230.5;0.9778
1231.1;0.97768
1231.6;0.97788
1232.2;0.97793
1232.8;0.97784
1233.4;0.97778
1234;0.97739
1234.6;0.97672
1235.2;0.97612
1235.7;0.97563
1236.3;0.9752
1236.9;0.97477
1237.5;0.97419
1238.1;0.97334
1238.7;0.9723
1239.3;0.97123
1239.9;0.9701
1240.5;0.96891
1241.1;0.96787
1241.7;0.96705
1242.3;0.96614
1242.9;0.96503
1243.5;0.96382
1244;0.96252
1244.6;0.96106
1245.2;0.95951
1245.8;0.95806
1246.4;0.95656
1247;0.95484
1247.6;0.9531
1248.2;0.95141
1248.8;0.9497
1249.4;0.94796
1250;0.94611
1250.7;0.94415
1251.3;0.94216
1251.9;0.94015
1252.5;0.9382
1253.1;0.93623
1253.7;0.93424
1254.3;0.93252
1254.9;0.9311
1255.5;0.92973
1256.1;0.92832
1256.7;0.92693
1257.3;0.9255
1257.9;0.9242
1258.5;0.92328
1259.2;0.92247
1259.8;0.9214
1260.4;0.92009
1261;0.91893
1261.6;0.91823
1262.2;0.91758
1262.8;0.91665
1263.4;0.91573
1264.1;0.91496
1264.7;0.9143
1265.3;0.91369
1265.9;0.913
1266.5;0.91223
1267.2;0.91147
1267.8;0.9109
1268.4;0.91046
1269;0.90996
1269.6;0.90943
1270.3;0.90889
1270.9;0.90834
1271.5;0.90804
1272.1;0.90805
1272.8;0.90794
1273.4;0.90748
1274;0.90692
1274.6;0.90648
1275.3;0.90621
1275.9;0.90605
1276.5;0.90587
1277.1;0.90558
1277.8;0.90525
1278.4;0.90506
1279;0.905
1279.7;0.90479
1280.3;0.90438
1280.9;0.90408
1281.6;0.90408
1282.2;0.90418
1282.8;0.90416
1283.5;0.90403
1284.1;0.90385
1284.7;0.90365
1285.4;0.90344
1286;0.90328
1286.6;0.90311
1287.3;0.90288
1287.9;0.90266
1288.6;0.90245
1289.2;0.90222
1289.8;0.90197
1290.5;0.90175
1291.1;0.90157
1291.8;0.90142
1292.4;0.90118
1293.1;0.90079
1293.7;0.90038
1294.4;0.9001
1295;0.89984
1295.7;0.89949
1296.3;0.89911
1296.9;0.89879
1297.6;0.89869
1298.2;0.89864
1298.9;0.89837
1299.5;0.89811
1300.2;0.89807
1300.9;0.898
1301.5;0.89792
1302.2;0.89797
1302.8;0.89794
1303.5;0.89771
1304.1;0.8976
1304.8;0.8979
1305.4;0.89826
1306.1;0.8983
1306.8;0.89823
1307.4;0.89838
1308.1;0.89862
1308.7;0.89876
1309.4;0.89895
1310.1;0.89927
1310.7;0.89956
1311.4;0.89982
1312;0.90016
1312.7;0.90055
1313.4;0.90092
1314;0.90134
1314.7;0.90178
1315.4;0.90215
1316;0.9024
1316.7;0.90264
1317.4;0.90298
1318;0.9034
1318.7;0.90379
1319.4;0.90405
1320.1;0.90418
1320.7;0.90437
1321.4;0.90471
1322.1;0.90502
1322.8;0.90509
1323.4;0.90508
1324.1;0.90516
1324.8;0.90517
1325.5;0.90508
1326.1;0.90515
1326.8;0.90545
1327.5;0.90579
1328.2;0.90604
1328.9;0.90627
1329.5;0.90656
1330.2;0.90698
1330.9;0.90751
1331.6;0.90804
1332.3;0.90853
1333;0.909
1333.6;0.90947
1334.3;0.90989
1335;0.91025
1335.7;0.91072
1336.4;0.91123
1337.1;0.9117
1337.8;0.91229
1338.5;0.91291
1339.2;0.91341
1339.8;0.9139
1340.5;0.91448
1341.2;0.91513
1341.9;0.91564
1342.6;0.91605
1343.3;0.91656
1344;0.91723
1344.7;0.91803
1345.4;0.91898
1346.1;0.92007
1346.8;0.92104
1347.5;0.92189
1348.2;0.92297
1348.9;0.92431
1349.6;0.92573
1350.3;0.92712
1351;0.9285
1351.7;0.93001
1352.4;0.93162
1353.1;0.9331
1353.8;0.93454
1354.5;0.9362
1355.3;0.93807
1356;0.94004
1356.7;0.94208
1357.4;0.94413
1358.1;0.94612
1358.8;0.94814
1359.5;0.95045
1360.2;0.95314
1360.9;0.95601
1361.7;0.959
1362.4;0.96213
1363.1;0.96521
1363.8;0.96819
1364.5;0.97125
1365.2;0.97433
1366;0.97736
1366.7;0.98055
1367.4;0.98402
1368.1;0.98755
1368.8;0.99099
1369.6;0.99437
1370.3;0.99785
1371;1.0016
1371.7;1.0056
1372.5;1.0096
1373.2;1.0139
1373.9;1.0183
1374.7;1.0228
1375.4;1.0274
1376.1;1.0319
1376.8;1.0362
1377.6;1.0403
1378.3;1.0442
1379;1.0476
1379.8;1.0508
1380.5;1.0537
1381.2;1.0563
1382;1.0588
1382.7;1.0614
1383.5;1.0636
1384.2;1.0658
1384.9;1.068
1385.7;1.07
1386.4;1.0717
1387.2;1.0733
1387.9;1.0749
1388.6;1.0766
1389.4;1.0781
1390.1;1.0793
1390.9;1.0804
1391.6;1.0816
1392.4;1.0826
1393.1;1.0834
1393.9;1.0841
1394.6;1.0849
1395.4;1.0858
1396.1;1.0865
1396.9;1.0871
1397.6;1.0879
1398.4;1.0893
1399.1;1.0907
1399.9;1.0922
1400.6;1.094
1401.4;1.096
1402.2;1.098
1402.9;1.1003
1403.7;1.1033
1404.4;1.1064
1405.2;1.1092
1406;1.1115
1406.7;1.1134
1407.5;1.1147
1408.3;1.1155
1409;1.1161
1409.8;1.1162
1410.6;1.116
1411.3;1.1157
1412.1;1.1152
1412.9;1.1143
1413.6;1.1131
1414.4;1.1119
1415.2;1.111
1415.9;1.1103
1416.7;1.1097
1417.5;1.109
1418.3;1.1085
1419;1.1083
1419.8;1.1084
1420.6;1.1086
1421.4;1.1091
1422.2;1.1098
1422.9;1.1104
1423.7;1.111
1424.5;1.1116
1425.3;1.1122
1426.1;1.1129
1426.9;1.1132
1427.6;1.1132
1428.4;1.113
1429.2;1.1129
1430;1.113
1430.8;1.1128
1431.6;1.1122
1432.4;1.1115
1433.2;1.1109
1434;1.1103
1434.8;1.1096
1435.5;1.1087
1436.3;1.1075
1437.1;1.1061
1437.9;1.1047
1438.7;1.1033
1439.5;1.102
1440.3;1.1006
1441.1;1.0992
1441.9;1.0975
1442.7;1.0956
1443.5;1.0939
1444.3;1.0925
1445.1;1.0911
1446;1.0897
1446.8;1.0883
1447.6;1.0869
1448.4;1.0854
1449.2;1.084
1450;1.0828
1450.8;1.0816
1451.6;1.0804
1452.4;1.0794
1453.2;1.0786
1454.1;1.078
1454.9;1.0773
1455.7;1.0767
1456.5;1.0763
1457.3;1.0761
1458.2;1.0757
1459;1.0753
1459.8;1.0753
1460.6;1.0751
1461.4;1.0748
1462.3;1.0744
1463.1;1.074
1463.9;1.0734
1464.7;1.073
1465.6;1.0729
1466.4;1.0728
1467.2;1.0728
1468.1;1.0728
1468.9;1.073
1469.7;1.0733
1470.6;1.0737
1471.4;1.0743
1472.2;1.0753
1473.1;1.0765
1473.9;1.0782
1474.7;1.0808
1475.6;1.0844
1476.4;1.0893
1477.3;1.0953
1478.1;1.1024
1478.9;1.11
1479.8;1.1175
1480.6;1.1241
1481.5;1.1297
1482.3;1.1339
1483.2;1.1369
1484;1.1392
1484.9;1.1411
1485.7;1.1427
1486.6;1.1442
1487.4;1.1457
1488.3;1.1472
1489.1;1.1488
1490;1.1505
1490.9;1.1523
1491.7;1.1541
1492.6;1.1559
1493.4;1.1578
1494.3;1.1596
1495.2;1.1615
1496;1.1633
1496.9;1.1651
1497.7;1.1668
1498.6;1.1684
1499.5;1.1699
1500.3;1.1711
1501.2;1.1724
1502.1;1.1736
1503;1.1746
1503.8;1.1755
1504.7;1.176
1505.6;1.1765
1506.4;1.177
1507.3;1.1774
1508.2;1.1778
1509.1;1.1781
1510;1.1786
1510.8;1.1792
1511.7;1.1799
1512.6;1.1805
1513.5;1.1812
1514.4;1.1821
1515.3;1.1829
1516.1;1.1836
1517;1.1841
1517.9;1.1843
1518.8;1.1844
1519.7;1.1841
1520.6;1.1835
1521.5;1.1826
1522.4;1.1816
1523.3;1.1802
1524.2;1.1786
1525.1;1.1764
1526;1.1739
1526.9;1.1711
1527.8;1.1681
1528.7;1.1648
1529.6;1.1615
1530.5;1.1581
1531.4;1.1544
1532.3;1.1506
1533.2;1.1468
1534.1;1.1427
1535;1.1383
1535.9;1.1339
1536.8;1.1296
1537.7;1.1256
1538.6;1.1216
1539.5;1.1178
1540.5;1.1145
1541.4;1.1115
1542.3;1.1087
1543.2;1.1062
1544.1;1.1041
1545.1;1.1024
1546;1.1008
1546.9;1.0993
1547.8;1.0979
1548.7;1.0962
1549.7;1.0945
1550.6;1.0927
1551.5;1.0911
1552.5;1.0895
1553.4;1.0878
1554.3;1.086
1555.2;1.0843
1556.2;1.0829
1557.1;1.0819
1558.1;1.081
1559;1.0801
1559.9;1.0793
1560.9;1.0787
1561.8;1.078
1562.7;1.0775
1563.7;1.0768
1564.6;1.076
1565.6;1.0751
1566.5;1.0741
1567.5;1.0729
1568.4;1.0716
1569.4;1.0702
1570.3;1.0689
1571.3;1.0675
1572.2;1.0661
1573.2;1.0647
1574.1;1.0632
1575.1;1.0616
1576;1.0598
1577;1.0581
1578;1.0565
1578.9;1.0551
1579.9;1.0539
1580.9;1.0526
1581.8;1.0513
1582.8;1.0501
1583.7;1.049
1584.7;1.0481
1585.7;1.0474
1586.7;1.0467
1587.6;1.0461
1588.6;1.0458
1589.6;1.0455
1590.6;1.0453
1591.5;1.0449
1592.5;1.0445
1593.5;1.0442
1594.5;1.044
1595.4;1.0438
1596.4;1.0438
1597.4;1.0438
1598.4;1.0439
1599.4;1.044
1600.4;1.0442
1601.4;1.0446
1602.3;1.045
1603.3;1.0452
1604.3;1.0452
1605.3;1.0452
1606.3;1.0451
1607.3;1.0451
1608.3;1.045
1609.3;1.045
1610.3;1.0453
1611.3;1.0458
1612.3;1.0466
1613.3;1.0478
1614.3;1.0494
1615.3;1.0511
1616.3;1.0529
1617.3;1.055
1618.4;1.0573
1619.4;1.0596
1620.4;1.0618
1621.4;1.064
1622.4;1.066
1623.4;1.0683
1624.4;1.0709
1625.5;1.0742
1626.5;1.0783
1627.5;1.0833
1628.5;1.0894
1629.5;1.0968
1630.6;1.1054
1631.6;1.115
1632.6;1.1255
1633.6;1.1365
1634.7;1.1473
1635.7;1.1575
1636.7;1.167
1637.8;1.1762
1638.8;1.1855
1639.8;1.1955
1640.9;1.2062
1641.9;1.2174
1643;1.2283
1644;1.2386
1645;1.2476
1646.1;1.2546
1647.1;1.259
1648.2;1.2609
1649.2;1.2606
1650.3;1.2589
1651.3;1.2562
1652.4;1.2531
1653.4;1.2505
1654.5;1.2491
1655.6;1.2491
1656.6;1.2507
1657.7;1.2541
1658.7;1.259
1659.8;1.2654
1660.9;1.2728
1661.9;1.2807
1663;1.2888
1664.1;1.2975
1665.1;1.3066
1666.2;1.3161
1667.3;1.326
1668.3;1.3364
1669.4;1.3471
1670.5;1.3577
1671.6;1.3676
1672.6;1.3767
1673.7;1.3844
1674.8;1.3908
1675.9;1.3965
1677;1.4023
1678.1;1.4089
1679.1;1.4165
1680.2;1.4255
1681.3;1.437
1682.4;1.451
1683.5;1.4669
1684.6;1.4841
1685.7;1.5013
1686.8;1.5172
1687.9;1.5307
1689;1.5413
1690.1;1.5497
1691.2;1.5574
1692.3;1.5657
1693.4;1.5754
1694.5;1.5868
1695.6;1.5996
1696.7;1.6132
1697.8;1.6277
1699;1.6431
1700.1;1.6587
1701.2;1.6738
1702.3;1.6887
1703.4;1.7039
1704.5;1.7187
1705.7;1.7321
1706.8;1.7437
1707.9;1.7536
1709;1.7605
1710.2;1.7637
1711.3;1.7636
1712.4;1.7609
1713.5;1.7563
1714.7;1.7513
1715.8;1.7476
1717;1.7461
1718.1;1.7463
1719.2;1.7483
1720.4;1.7524
1721.5;1.7577
1722.7;1.7631
1723.8;1.7681
1724.9;1.7727
1726.1;1.7768
1727.2;1.7804
1728.4;1.7834
1729.6;1.7856
1730.7;1.7871
1731.9;1.7885
1733;1.7902
1734.2;1.7924
1735.3;1.7956
1736.5;1.8003
1737.7;1.8074
1738.8;1.8171
1740;1.8284
1741.2;1.8404
1742.3;1.8535
1743.5;1.867
1744.7;1.8793
1745.9;1.8893
1747;1.8962
1748.2;1.8992
1749.4;1.898
1750.6;1.8922
1751.8;1.8825
1752.9;1.8698
1754.1;1.8543
1755.3;1.8371
1756.5;1.8192
1757.7;1.8015
1758.9;1.7848
1760.1;1.7689
1761.3;1.7533
1762.5;1.7376
1763.7;1.7222
1764.9;1.7062
1766.1;1.6891
1767.3;1.6714
1768.5;1.6535
1769.7;1.6352
1770.9;1.6165
1772.1;1.598
1773.3;1.5806
1774.5;1.5648
1775.8;1.5506
1777;1.5383
1778.2;1.528
1779.4;1.5198
1780.6;1.5135
1781.9;1.5085
1783.1;1.5043
1784.3;1.5009
1785.5;1.4978
1786.8;1.4946
1788;1.4916
1789.2;1.4886
1790.5;1.4854
1791.7;1.4826
1792.9;1.4804
1794.2;1.4784
1795.4;1.4769
1796.7;1.476
1797.9;1.4755
1799.2;1.4751
1800.4;1.4748
1801.7;1.4748
1802.9;1.475
1804.2;1.4753
1805.4;1.4757
1806.7;1.4761
1807.9;1.4758
1809.2;1.4748
1810.5;1.4733
1811.7;1.4711
1813;1.4681
1814.3;1.465
1815.5;1.4623
1816.8;1.4595
1818.1;1.4565
1819.4;1.4539
1820.6;1.4519
1821.9;1.4503
1823.2;1.448
1824.5;1.4453
1825.8;1.4424
1827.1;1.4391
1828.3;1.4354
1829.6;1.4314
1830.9;1.4274
1832.2;1.4232
1833.5;1.4188
1834.8;1.4142
1836.1;1.4098
1837.4;1.4056
1838.7;1.4014
1840;1.3967
1841.3;1.3917
1842.6;1.3862
1844;1.3803
1845.3;1.3738
1846.6;1.3666
1847.9;1.3588
1849.2;1.3508
1850.5;1.3429
1851.9;1.3349
1853.2;1.327
1854.5;1.3195
1855.8;1.3122
1857.2;1.3048
1858.5;1.2977
1859.8;1.2909
1861.2;1.2848
1862.5;1.2793
1863.8;1.2744
1865.2;1.2701
1866.5;1.2666
1867.9;1.2636
1869.2;1.261
1870.6;1.2587
1871.9;1.2568
1873.3;1.2552
1874.6;1.2537
1876;1.2523
1877.3;1.2509
1878.7;1.2496
1880.1;1.2488
1881.4;1.2483
1882.8;1.2486
1884.2;1.25
1885.5;1.2528
1886.9;1.2568
1888.3;1.262
1889.6;1.2683
1891;1.2752
1892.4;1.2819
1893.8;1.2883
1895.2;1.2948
1896.6;1.3018
1897.9;1.3092
1899.3;1.3166
1900.7;1.3239
1902.1;1.3309
1903.5;1.3372
1904.9;1.3433
1906.3;1.3493
1907.7;1.3549
1909.1;1.3597
1910.5;1.3638
1911.9;1.3668
1913.4;1.3691
1914.8;1.371
1916.2;1.3729
1917.6;1.3747
1919;1.3764
1920.4;1.3782
1921.9;1.3802
1923.3;1.3826
1924.7;1.3848
1926.1;1.3865
1927.6;1.388
1929;1.3891
1930.5;1.39
1931.9;1.3907
1933.3;1.391
1934.8;1.3911
1936.2;1.3912
1937.7;1.3911
1939.1;1.3903
1940.6;1.3889
1942;1.3875
1943.5;1.3858
1944.9;1.3837
1946.4;1.3813
1947.9;1.3789
1949.3;1.3764
1950.8;1.3738
1952.3;1.3716
1953.7;1.3698
1955.2;1.3687
1956.7;1.3685
1958.2;1.3695
1959.6;1.372
1961.1;1.3759
1962.6;1.3812
1964.1;1.3879
1965.6;1.3957
1967.1;1.4043
1968.6;1.4136
1970.1;1.4237
1971.6;1.4339
1973.1;1.4432
1974.6;1.4508
1976.1;1.4566
1977.6;1.4611
1979.1;1.4646
1980.6;1.4669
1982.1;1.4685
1983.6;1.4694
1985.1;1.4695
1986.7;1.4681
1988.2;1.4651
1989.7;1.4611
1991.2;1.4569
1992.8;1.4532
1994.3;1.4501
1995.8;1.4481
1997.4;1.4479
1998.9;1.4497
2000.5;1.4538
2002;1.4608
2003.6;1.4713
2005.1;1.4854
2006.7;1.5033
2008.2;1.5256
2009.8;1.5528
2011.3;1.5847
2012.9;1.6209
2014.5;1.6605
2016;1.7035
2017.6;1.7498
2019.2;1.7968
2020.7;1.8411
2022.3;1.8792
2023.9;1.9093
2025.5;1.933
2027.1;1.9515
2028.6;1.9645
2030.2;1.9747
2031.8;1.9861
2033.4;2.0006
2035;2.019
2036.6;2.0422
2038.2;2.0696
2039.8;2.0989
2041.4;2.1293
2043;2.1601
2044.6;2.1887
2046.2;2.2109
2047.9;2.2242
2049.5;2.2273
2051.1;2.2183
2052.7;2.1998
2054.4;2.1761
2056;2.1491
2057.6;2.1192
2059.3;2.087
2060.9;2.0529
2062.5;2.0184
2064.2;1.9855
2065.8;1.954
2067.5;1.9235
2069.1;1.895
2070.8;1.8673
2072.4;1.8387
2074.1;1.8095
2075.7;1.7812
2077.4;1.7555
2079.1;1.7327
2080.7;1.7128
2082.4;1.6961
2084.1;1.6825
2085.8;1.6718
2087.4;1.6636
2089.1;1.6583
2090.8;1.6559
2092.5;1.6559
2094.2;1.6573
2095.9;1.6601
2097.6;1.6643
2099.3;1.6696
2101;1.6762
2102.7;1.6848
2104.4;1.6948
2106.1;1.7059
2107.8;1.7185
2109.5;1.7335
2111.2;1.7526
2113;1.7773
2114.7;1.8087
2116.4;1.8473
2118.1;1.8927
2119.9;1.9417
2121.6;1.9892
2123.3;2.0283
2125.1;2.0535
2126.8;2.0665
2128.6;2.0746
2130.3;2.0825
2132.1;2.0905
2133.8;2.0987
2135.6;2.1072
2137.3;2.1144
2139.1;2.1184
2140.9;2.1196
2142.6;2.1229
2144.4;2.1332
2146.2;2.153
2148;2.1836
2149.7;2.2241
2151.5;2.2714
2153.3;2.321
2155.1;2.3657
2156.9;2.3978
2158.7;2.4115
2160.5;2.4059
2162.3;2.3817
2164.1;2.3411
2165.9;2.2945
2167.7;2.2535
2169.5;2.2226
2171.4;2.2027
2173.2;2.1937
2175;2.1921
2176.8;2.1961
2178.7;2.2052
2180.5;2.2141
2182.3;2.2173
2184.2;2.2147
2186;2.2049
2187.8;2.1861
2189.7;2.1612
2191.5;2.1298
2193.4;2.0913
2195.3;2.0526
2197.1;2.0176
2199;1.9858
2200.8;1.9595
2202.7;1.9406
2204.6;1.9279
2206.5;1.9204
2208.3;1.9168
2210.2;1.9153
2212.1;1.9139
2214;1.9127
2215.9;1.9126
2217.8;1.9125
2219.7;1.9105
2221.6;1.9075
2223.5;1.9064
2225.4;1.9097
2227.3;1.9188
2229.2;1.9349
2231.2;1.9589
2233.1;1.9898
2235;2.0243
2236.9;2.0618
2238.9;2.1022
2240.8;2.1462
2242.7;2.1985
2244.7;2.26
2246.6;2.3237
2248.6;2.3843
2250.5;2.4421
2252.5;2.5004
2254.4;2.5576
2256.4;2.6117
2258.4;2.662
2260.3;2.7033
2262.3;2.7369
2264.3;2.7677
2266.3;2.7968
2268.2;2.8169
2270.2;2.8354
2272.2;2.8628
2274.2;2.8956
2276.2;2.9102
2278.2;2.894
2280.2;2.8827
2282.2;2.8887
2284.2;2.9
2286.2;2.9119
2288.3;2.9183
2290.3;2.9121
2292.3;2.9208
2294.3;2.9482
2296.4;2.9705
2298.4;2.9763
2300.4;2.9751
2302.5;2.9734
2304.5;2.9862
2306.6;2.9789
2308.6;2.9441
2310.7;2.8995
2312.8;2.8853
2314.8;2.877
2316.9;2.859
2319;2.8546
2321;2.8626
2323.1;2.8811
2325.2;2.9128
2327.3;2.9152
2329.4;2.8818
2331.5;2.8575
2333.6;2.8724
2335.7;2.9074
2337.8;2.9062
2339.9;2.8657
2342;2.8299
2344.1;2.8244
2346.2;2.82
2348.4;2.7946
2350.5;2.7552
2352.6;2.728
2354.8;2.7384
2356.9;2.7696
2359.1;2.7913
2361.2;2.7684
2363.4;2.7157
2365.5;2.7057
2367.7;2.7514
2369.8;2.7555
2372;2.7141
2374.2;2.6978
2376.4;2.6859
2378.5;2.6877
2380.7;2.7248
2382.9;2.7565
2385.1;2.7329
2387.3;2.6647
2389.5;2.6179
2391.7;2.6089
2393.9;2.6487
2396.1;2.6687
2398.3;2.617
2400.6;2.5899
2402.8;2.6138
2405;2.6361
2407.2;2.6048
2409.5;2.5804
2411.7;2.5757
2414;2.5664
2416.2;2.5861
2418.5;2.6029
2420.7;2.5768
2423;2.5174
2425.3;2.4792
2427.5;2.4854
2429.8;2.4842
2432.1;2.4562
2434.4;2.4288
2436.7;2.424
2438.9;2.4008
2441.2;2.4188
2443.5;2.4631
2445.8;2.4497
2448.2;2.4124
2450.5;2.3976
2452.8;2.3975
2455.1;2.3742
2457.4;2.3777
2459.8;2.3927
2462.1;2.3859
2464.4;2.4219
2466.8;2.4192
2469.1;2.3401
2471.5;2.2739
2473.9;2.2498
2476.2;2.2442
2478.6;2.2284
2481;2.2098
2483.3;2.1793
2485.7;2.0813
2488.1;2.0552
2490.5;2.0725
2492.9;2.012
2495.3;1.9117
2497.7;1.9316
2500.1;1.9015
