800.43;0.99034
800.68;0.98785
800.93;0.98869
801.17;0.99877
801.42;1.0128
801.67;1.0118
801.92;0.99631
802.17;0.98538
802.41;0.98741
802.66;0.99455
802.91;1.0012
803.16;1.0053
803.41;1.0084
803.66;1.0126
803.91;1.0179
804.16;1.021
804.41;1.0164
804.65;1.0054
804.9;0.999
805.15;0.99988
805.4;1.0043
805.66;1.0133
805.91;1.0189
806.16;1.0154
806.41;1.0069
806.66;0.99907
806.91;0.99985
807.16;1.0099
807.41;1.0168
807.66;1.0179
807.91;1.0188
808.17;1.0155
808.42;1.0057
808.67;1.0001
808.92;1.0017
809.18;1.0036
809.43;1.0084
809.68;1.0164
809.93;1.0129
810.19;1.0042
810.44;1.0066
810.69;1.0159
810.95;1.022
811.2;1.0194
811.45;1.0125
811.71;1.0111
811.96;1.0141
812.22;1.0177
812.47;1.0164
812.73;1.005
812.98;0.99465
813.24;0.99489
813.49;0.99689
813.75;0.9988
814;1.0063
814.26;1.0162
814.51;1.0198
814.77;1.0139
815.03;1.0055
815.28;1.001
815.54;1.0006
815.8;1.0058
816.05;1.0155
816.31;1.0224
816.57;1.0215
816.82;1.0173
817.08;1.0118
817.34;1.0051
817.6;0.99919
817.85;0.99947
818.11;1.0122
818.37;1.0277
818.63;1.0266
818.89;1.0125
819.15;1.0028
819.41;1.0051
819.66;1.0126
819.92;1.0136
820.18;1.0118
820.44;1.0131
820.7;1.0102
820.96;1.0041
821.22;1.0049
821.48;1.0084
821.74;1.0057
822;1.0002
822.26;1
822.52;1.0054
822.79;1.0097
823.05;1.0105
823.31;1.012
823.57;1.0144
823.83;1.0122
824.09;1.012
824.36;1.0184
824.62;1.0214
824.88;1.0201
825.14;1.0171
825.41;1.0103
825.67;1.0076
825.93;1.0136
826.19;1.0209
826.46;1.0265
826.72;1.0256
826.98;1.0161
827.25;1.013
827.51;1.0221
827.78;1.0313
828.04;1.0312
828.31;1.0243
828.57;1.0198
828.84;1.0229
829.1;1.0265
829.37;1.0265
829.63;1.0246
829.9;1.0239
830.16;1.0224
830.43;1.0152
830.69;1.0126
830.96;1.0237
831.23;1.0383
831.49;1.0429
831.76;1.0363
832.03;1.0291
832.29;1.0293
832.56;1.0289
832.83;1.0234
833.1;1.0197
833.36;1.0181
833.63;1.0158
833.9;1.0169
834.17;1.0227
834.44;1.0238
834.71;1.018
834.98;1.0184
835.24;1.0264
835.51;1.0325
835.78;1.0314
836.05;1.0266
836.32;1.0277
836.59;1.0313
836.86;1.0278
837.13;1.0255
837.4;1.0287
837.67;1.029
837.94;1.0259
838.21;1.0233
838.49;1.0207
838.76;1.0224
839.03;1.0335
839.3;1.0434
839.57;1.0402
839.84;1.0342
840.12;1.0338
840.39;1.0323
840.66;1.0292
840.93;1.0252
841.21;1.0217
841.48;1.0236
841.75;1.025
842.03;1.0206
842.3;1.0167
842.57;1.0173
842.85;1.0201
843.12;1.026
843.4;1.0324
843.67;1.0319
843.94;1.0269
844.22;1.0272
844.49;1.0324
844.77;1.0332
845.04;1.0262
845.32;1.0206
845.6;1.0199
845.87;1.0191
846.15;1.018
846.42;1.0189
846.7;1.0195
846.98;1.0186
847.25;1.0198
847.53;1.0236
847.81;1.0244
848.09;1.0221
848.36;1.0217
848.64;1.0246
848.92;1.0277
849.2;1.0285
849.48;1.0288
849.75;1.0311
850.03;1.0325
850.31;1.0298
850.59;1.0271
850.87;1.0285
851.15;1.0321
851.43;1.035
851.71;1.0369
851.99;1.0354
852.27;1.0311
852.55;1.0291
852.83;1.0301
853.11;1.0295
853.39;1.0243
853.67;1.0202
853.95;1.0261
854.23;1.0345
854.51;1.0337
854.8;1.0291
855.08;1.0289
855.36;1.0301
855.64;1.0317
855.93;1.0357
856.21;1.0391
856.49;1.0404
856.77;1.0385
857.06;1.0325
857.34;1.0296
857.62;1.0325
857.91;1.0334
858.19;1.0313
858.48;1.03
858.76;1.0309
859.05;1.0344
859.33;1.0399
859.61;1.0468
859.9;1.0474
860.19;1.0363
860.47;1.0249
860.76;1.0218
861.04;1.0213
861.33;1.0199
861.61;1.0236
861.9;1.0329
862.19;1.0398
862.47;1.0426
862.76;1.042
863.05;1.0388
863.34;1.0371
863.62;1.0365
863.91;1.0337
864.2;1.0308
864.49;1.0311
864.78;1.0351
865.06;1.0397
865.35;1.0448
865.64;1.0502
865.93;1.0517
866.22;1.0485
866.51;1.0424
866.8;1.0355
867.09;1.0317
867.38;1.0311
867.67;1.0304
867.96;1.0293
868.25;1.0307
868.54;1.0363
868.83;1.0428
869.12;1.044
869.42;1.0428
869.71;1.0408
870;1.0356
870.29;1.0323
870.58;1.0337
870.88;1.0341
871.17;1.0321
871.46;1.0317
871.75;1.0325
872.05;1.0315
872.34;1.0312
872.63;1.0344
872.93;1.0385
873.22;1.0398
873.52;1.0378
873.81;1.0345
874.11;1.0329
874.4;1.0322
874.7;1.0326
874.99;1.0381
875.29;1.0453
875.58;1.0471
875.88;1.0439
876.17;1.039
876.47;1.0324
876.77;1.0296
877.06;1.035
877.36;1.0432
877.66;1.0504
877.95;1.0547
878.25;1.0533
878.55;1.0514
878.85;1.0525
879.14;1.0518
879.44;1.0446
879.74;1.0366
880.04;1.0366
880.34;1.0429
880.64;1.0488
880.94;1.0493
881.24;1.0467
881.54;1.0492
881.84;1.0569
882.14;1.0591
882.44;1.0528
882.74;1.0438
883.04;1.0368
883.34;1.0372
883.64;1.0442
883.94;1.0484
884.24;1.0464
884.54;1.044
884.85;1.0442
885.15;1.0453
885.45;1.0457
885.75;1.0463
886.06;1.0467
886.36;1.0477
886.66;1.051
886.96;1.0521
887.27;1.048
887.57;1.0448
887.88;1.0465
888.18;1.05
888.48;1.0496
888.79;1.0448
889.09;1.0429
889.4;1.0475
889.7;1.0524
890.01;1.0551
890.32;1.0551
890.62;1.0529
890.93;1.0521
891.23;1.052
891.54;1.0493
891.85;1.047
892.15;1.0491
892.46;1.0536
892.77;1.0549
893.08;1.0524
893.38;1.0495
893.69;1.0468
894;1.0461
894.31;1.0483
894.62;1.0522
894.93;1.0569
895.23;1.0594
895.54;1.0583
895.85;1.0569
896.16;1.0574
896.47;1.0565
896.78;1.0521
897.09;1.0493
897.4;1.049
897.71;1.0473
898.02;1.0462
898.34;1.0478
898.65;1.0507
898.96;1.0524
899.27;1.0503
899.58;1.0465
899.9;1.0454
900.21;1.0474
900.52;1.0521
900.83;1.0592
901.15;1.0633
901.46;1.0621
901.77;1.0599
902.09;1.0594
902.4;1.0598
902.72;1.0591
903.03;1.0575
903.34;1.0568
903.66;1.056
903.97;1.0552
904.29;1.0559
904.6;1.0589
904.92;1.0634
905.24;1.0643
905.55;1.0613
905.87;1.061
906.19;1.0622
906.5;1.0604
906.82;1.0593
907.14;1.0594
907.45;1.0582
907.77;1.0578
908.09;1.0595
908.41;1.0608
908.73;1.061
909.05;1.0646
909.36;1.0691
909.68;1.067
910;1.0613
910.32;1.06
910.64;1.0636
910.96;1.0675
911.28;1.0692
911.6;1.0698
911.92;1.0685
912.24;1.0667
912.57;1.0677
912.89;1.0684
913.21;1.0656
913.53;1.0625
913.85;1.0622
914.17;1.0645
914.5;1.0686
914.82;1.0722
915.14;1.0716
915.47;1.0677
915.79;1.0666
916.11;1.0704
916.44;1.0722
916.76;1.0681
917.08;1.0625
917.41;1.0597
917.73;1.0607
918.06;1.0629
918.38;1.0638
918.71;1.0649
919.04;1.0687
919.36;1.0732
919.69;1.0728
920.01;1.0686
920.34;1.0666
920.67;1.0681
920.99;1.0692
921.32;1.0679
921.65;1.0672
921.98;1.0697
922.3;1.071
922.63;1.0694
922.96;1.0693
923.29;1.0708
923.62;1.0711
923.95;1.0713
924.28;1.0743
924.61;1.0791
924.94;1.0818
925.27;1.0813
925.6;1.0778
925.93;1.072
926.26;1.0684
926.59;1.0702
926.92;1.0743
927.25;1.0762
927.58;1.0745
927.92;1.0723
928.25;1.0731
928.58;1.0751
928.91;1.0756
929.25;1.0764
929.58;1.0812
929.91;1.0861
930.25;1.0858
930.58;1.0836
930.91;1.084
931.25;1.0862
931.58;1.0889
931.92;1.0905
932.25;1.0886
932.59;1.0861
932.92;1.0862
933.26;1.0879
933.6;1.089
933.93;1.0859
934.27;1.0802
934.61;1.0805
934.94;1.0871
935.28;1.0916
935.62;1.0923
935.96;1.0937
936.29;1.0961
936.63;1.0947
936.97;1.0889
937.31;1.0851
937.65;1.0877
937.99;1.0931
938.33;1.0955
938.67;1.0935
939.01;1.0906
939.35;1.0906
939.69;1.0933
940.03;1.0949
940.37;1.0959
940.71;1.0989
941.05;1.1013
941.39;1.0993
941.74;1.0956
942.08;1.095
942.42;1.0981
942.76;1.1022
943.11;1.1045
943.45;1.1034
943.79;1.1001
944.14;1.0995
944.48;1.1014
944.82;1.1025
945.17;1.1028
945.51;1.1038
945.86;1.1045
946.2;1.1041
946.55;1.1036
946.89;1.1026
947.24;1.1012
947.59;1.1033
947.93;1.1092
948.28;1.1128
948.63;1.1135
948.97;1.1154
949.32;1.1198
949.67;1.1255
950.02;1.1291
950.37;1.1281
950.71;1.1258
951.06;1.1247
951.41;1.1228
951.76;1.1206
952.11;1.1212
952.46;1.1227
952.81;1.1221
953.16;1.1211
953.51;1.122
953.86;1.1248
954.21;1.1286
954.56;1.1334
954.92;1.1373
955.27;1.1377
955.62;1.1354
955.97;1.1348
956.33;1.1373
956.68;1.1404
957.03;1.1418
957.38;1.1421
957.74;1.1421
958.09;1.1423
958.45;1.1428
958.8;1.1423
959.16;1.1408
959.51;1.1411
959.87;1.1428
960.22;1.1434
960.58;1.1441
960.93;1.1457
961.29;1.1463
961.65;1.1459
962;1.1468
962.36;1.1502
962.72;1.154
963.07;1.1553
963.43;1.1541
963.79;1.1535
964.15;1.1547
964.51;1.1555
964.87;1.1554
965.23;1.1555
965.59;1.1559
965.95;1.1568
966.31;1.1582
966.67;1.1589
967.03;1.1588
967.39;1.1595
967.75;1.1603
968.11;1.1584
968.47;1.1557
968.83;1.1553
969.2;1.1566
969.56;1.1578
969.92;1.1587
970.28;1.1593
970.65;1.1595
971.01;1.1597
971.37;1.1595
971.74;1.1586
972.1;1.1574
972.47;1.1562
972.83;1.1558
973.2;1.1557
973.56;1.1561
973.93;1.1569
974.29;1.1567
974.66;1.1569
975.03;1.16
975.39;1.1646
975.76;1.1668
976.13;1.1655
976.5;1.1618
976.86;1.1594
977.23;1.1609
977.6;1.1638
977.97;1.1652
978.34;1.1644
978.71;1.1606
979.08;1.1576
979.45;1.158
979.82;1.1594
980.19;1.1606
980.56;1.1612
980.93;1.161
981.3;1.1619
981.67;1.1644
982.04;1.1656
982.42;1.1653
982.79;1.1652
983.16;1.1649
983.53;1.1633
983.91;1.163
984.28;1.1648
984.66;1.1657
985.03;1.1651
985.4;1.1655
985.78;1.1669
986.15;1.1676
986.53;1.1678
986.9;1.1679
987.28;1.1671
987.66;1.1654
988.03;1.1642
988.41;1.1643
988.79;1.1649
989.16;1.1662
989.54;1.1676
989.92;1.1669
990.3;1.1656
990.68;1.1662
991.05;1.1661
991.43;1.1651
991.81;1.1664
992.19;1.1682
992.57;1.168
992.95;1.167
993.33;1.1664
993.71;1.1663
994.09;1.1659
994.48;1.1643
994.86;1.163
995.24;1.1635
995.62;1.1652
996;1.1673
996.39;1.1682
996.77;1.1662
997.15;1.1632
997.54;1.162
997.92;1.1625
998.3;1.1631
998.69;1.1638
999.07;1.1654
999.46;1.1672
999.84;1.1676
1000.2;1.1668
1000.6;1.1664
1001;1.1668
1001.4;1.1674
1001.8;1.1681
1002.2;1.1686
1002.6;1.1688
1002.9;1.1677
1003.3;1.166
1003.7;1.1657
1004.1;1.1663
1004.5;1.1658
1004.9;1.1644
1005.3;1.1643
1005.7;1.1655
1006.1;1.1669
1006.4;1.1668
1006.8;1.1649
1007.2;1.1627
1007.6;1.1616
1008;1.1625
1008.4;1.1645
1008.8;1.1653
1009.2;1.1644
1009.6;1.1631
1010;1.162
1010.4;1.1607
1010.8;1.1602
1011.2;1.161
1011.5;1.162
1011.9;1.163
1012.3;1.1638
1012.7;1.1626
1013.1;1.1598
1013.5;1.1583
1013.9;1.1589
1014.3;1.1605
1014.7;1.1617
1015.1;1.1613
1015.5;1.1597
1015.9;1.1593
1016.3;1.1603
1016.7;1.1602
1017.1;1.1586
1017.5;1.1572
1017.9;1.157
1018.3;1.1578
1018.7;1.1588
1019.1;1.1595
1019.5;1.159
1019.9;1.1577
1020.3;1.1562
1020.7;1.1554
1021.1;1.1562
1021.5;1.1578
1021.9;1.159
1022.3;1.1599
1022.7;1.16
1023.1;1.1593
1023.5;1.1583
1023.9;1.1564
1024.3;1.1543
1024.7;1.154
1025.1;1.1553
1025.6;1.1557
1026;1.1546
1026.4;1.1535
1026.8;1.1542
1027.2;1.1558
1027.6;1.156
1028;1.1553
1028.4;1.1549
1028.8;1.1546
1029.2;1.1547
1029.6;1.1553
1030;1.1548
1030.4;1.1527
1030.9;1.151
1031.3;1.1509
1031.7;1.1511
1032.1;1.1508
1032.5;1.1499
1032.9;1.1495
1033.3;1.1497
1033.7;1.1495
1034.1;1.1492
1034.6;1.1496
1035;1.1502
1035.4;1.1506
1035.8;1.1505
1036.2;1.1501
1036.6;1.1499
1037;1.1491
1037.5;1.1474
1037.9;1.1464
1038.3;1.1466
1038.7;1.1474
1039.1;1.1482
1039.5;1.1486
1040;1.1483
1040.4;1.1477
1040.8;1.1475
1041.2;1.1483
1041.6;1.1484
1042;1.1471
1042.5;1.1459
1042.9;1.146
1043.3;1.1473
1043.7;1.1482
1044.1;1.1482
1044.6;1.1477
1045;1.1471
1045.4;1.1466
1045.8;1.1459
1046.2;1.1439
1046.7;1.1419
1047.1;1.1423
1047.5;1.1445
1047.9;1.1459
1048.4;1.1467
1048.8;1.1468
1049.2;1.1456
1049.6;1.1444
1050.1;1.1443
1050.5;1.1455
1050.9;1.147
1051.3;1.1468
1051.8;1.1454
1052.2;1.1455
1052.6;1.1471
1053;1.1474
1053.5;1.1462
1053.9;1.1449
1054.3;1.1442
1054.8;1.1445
1055.2;1.1461
1055.6;1.1471
1056;1.1467
1056.5;1.1456
1056.9;1.1447
1057.3;1.1443
1057.8;1.1448
1058.2;1.1453
1058.6;1.1454
1059.1;1.1453
1059.5;1.1446
1059.9;1.1432
1060.4;1.1425
1060.8;1.1429
1061.2;1.143
1061.7;1.1421
1062.1;1.1418
1062.5;1.1432
1063;1.1444
1063.4;1.1443
1063.8;1.1439
1064.3;1.1441
1064.7;1.1442
1065.2;1.1442
1065.6;1.1441
1066;1.1435
1066.5;1.143
1066.9;1.143
1067.4;1.1433
1067.8;1.1444
1068.2;1.1452
1068.7;1.1441
1069.1;1.143
1069.6;1.1439
1070;1.1454
1070.4;1.1463
1070.9;1.1469
1071.3;1.1474
1071.8;1.1472
1072.2;1.147
1072.7;1.1469
1073.1;1.1465
1073.5;1.1464
1074;1.1468
1074.4;1.1469
1074.9;1.146
1075.3;1.1456
1075.8;1.1469
1076.2;1.1484
1076.7;1.1485
1077.1;1.1482
1077.6;1.1484
1078;1.1486
1078.5;1.1485
1078.9;1.1485
1079.3;1.1483
1079.8;1.148
1080.2;1.1485
1080.7;1.1498
1081.2;1.1501
1081.6;1.1491
1082.1;1.1485
1082.5;1.1486
1083;1.1488
1083.4;1.1492
1083.9;1.1502
1084.3;1.1515
1084.8;1.1519
1085.2;1.1513
1085.7;1.1507
1086.1;1.1507
1086.6;1.1513
1087;1.1523
1087.5;1.1529
1088;1.1528
1088.4;1.1529
1088.9;1.1536
1089.3;1.1544
1089.8;1.1546
1090.2;1.1544
1090.7;1.1545
1091.2;1.1545
1091.6;1.1547
1092.1;1.1554
1092.5;1.1562
1093;1.1568
1093.5;1.1575
1093.9;1.1581
1094.4;1.1586
1094.8;1.1593
1095.3;1.1601
1095.8;1.1603
1096.2;1.16
1096.7;1.1599
1097.2;1.1606
1097.6;1.1619
1098.1;1.1627
1098.6;1.1629
1099;1.1628
1099.5;1.1631
1100;1.1642
1100.4;1.1651
1100.9;1.1648
1101.4;1.1638
1101.8;1.1634
1102.3;1.164
1102.8;1.1649
1103.2;1.1657
1103.7;1.1663
1104.2;1.1668
1104.6;1.1675
1105.1;1.1683
1105.6;1.1683
1106.1;1.1678
1106.5;1.1675
1107;1.1678
1107.5;1.1686
1107.9;1.1694
1108.4;1.1699
1108.9;1.1703
1109.4;1.1707
1109.8;1.1714
1110.3;1.1719
1110.8;1.172
1111.3;1.1724
1111.7;1.1734
1112.2;1.1743
1112.7;1.1746
1113.2;1.1746
1113.7;1.1749
1114.1;1.1754
1114.6;1.1762
1115.1;1.1772
1115.6;1.1779
1116.1;1.1777
1116.5;1.1773
1117;1.1777
1117.5;1.179
1118;1.1803
1118.5;1.1806
1118.9;1.1805
1119.4;1.1807
1119.9;1.1811
1120.4;1.1815
1120.9;1.1818
1121.4;1.1824
1121.9;1.1837
1122.3;1.1851
1122.8;1.1862
1123.3;1.1869
1123.8;1.1874
1124.3;1.1874
1124.8;1.1874
1125.3;1.1881
1125.7;1.1894
1126.2;1.191
1126.7;1.1922
1127.2;1.1931
1127.7;1.1944
1128.2;1.1959
1128.7;1.1973
1129.2;1.1989
1129.7;1.2004
1130.2;1.2015
1130.7;1.2024
1131.2;1.2042
1131.6;1.2068
1132.1;1.2089
1132.6;1.2104
1133.1;1.2124
1133.6;1.2148
1134.1;1.2169
1134.6;1.219
1135.1;1.222
1135.6;1.225
1136.1;1.227
1136.6;1.2285
1137.1;1.2305
1137.6;1.2332
1138.1;1.2363
1138.6;1.2393
1139.1;1.2417
1139.6;1.2441
1140.1;1.2472
1140.6;1.2504
1141.1;1.2537
1141.6;1.2569
1142.1;1.2598
1142.6;1.2628
1143.1;1.266
1143.6;1.269
1144.1;1.2716
1144.6;1.2737
1145.1;1.2752
1145.6;1.277
1146.2;1.2805
1146.7;1.2849
1147.2;1.2888
1147.7;1.2914
1148.2;1.2933
1148.7;1.2955
1149.2;1.2974
1149.7;1.2988
1150.2;1.3009
1150.7;1.3037
1151.2;1.3061
1151.8;1.3078
1152.3;1.309
1152.8;1.3106
1153.3;1.3131
1153.8;1.3157
1154.3;1.3176
1154.8;1.3188
1155.3;1.3199
1155.9;1.3215
1156.4;1.3228
1156.9;1.3239
1157.4;1.3252
1157.9;1.3266
1158.4;1.3276
1159;1.3279
1159.5;1.3287
1160;1.3303
1160.5;1.3322
1161;1.3338
1161.6;1.3354
1162.1;1.3367
1162.6;1.3367
1163.1;1.3366
1163.6;1.3382
1164.2;1.3408
1164.7;1.3427
1165.2;1.3439
1165.7;1.3446
1166.3;1.3443
1166.8;1.3443
1167.3;1.3457
1167.8;1.3478
1168.4;1.3486
1168.9;1.3483
1169.4;1.3482
1169.9;1.3488
1170.5;1.3498
1171;1.3514
1171.5;1.3529
1172.1;1.3538
1172.6;1.3545
1173.1;1.3554
1173.7;1.3559
1174.2;1.3557
1174.7;1.3556
1175.2;1.3563
1175.8;1.3578
1176.3;1.3591
1176.8;1.3597
1177.4;1.3603
1177.9;1.3609
1178.5;1.3613
1179;1.3617
1179.5;1.3628
1180.1;1.3641
1180.6;1.3646
1181.1;1.365
1181.7;1.3659
1182.2;1.3666
1182.8;1.3673
1183.3;1.3682
1183.8;1.3691
1184.4;1.3696
1184.9;1.3699
1185.5;1.3706
1186;1.3714
1186.5;1.3715
1187.1;1.3716
1187.6;1.3724
1188.2;1.3728
1188.7;1.3726
1189.3;1.3724
1189.8;1.3727
1190.4;1.3733
1190.9;1.3738
1191.5;1.3743
1192;1.3751
1192.5;1.3761
1193.1;1.377
1193.6;1.3777
1194.2;1.3776
1194.7;1.3768
1195.3;1.3765
1195.8;1.3771
1196.4;1.3778
1197;1.3777
1197.5;1.3775
1198.1;1.3777
1198.6;1.3782
1199.2;1.3786
1199.7;1.3787
1200.3;1.3785
1200.8;1.3785
1201.4;1.379
1201.9;1.3798
1202.5;1.3803
1203.1;1.3804
1203.6;1.3803
1204.2;1.3799
1204.7;1.3791
1205.3;1.3785
1205.9;1.3789
1206.4;1.3798
1207;1.3801
1207.5;1.3799
1208.1;1.3798
1208.7;1.3796
1209.2;1.3789
1209.8;1.3785
1210.4;1.3785
1210.9;1.3792
1211.5;1.3797
1212.1;1.3793
1212.6;1.3784
1213.2;1.3782
1213.8;1.3785
1214.3;1.3781
1214.9;1.3767
1215.5;1.3756
1216;1.3757
1216.6;1.3763
1217.2;1.3764
1217.8;1.376
1218.3;1.3752
1218.9;1.3744
1219.5;1.3744
1220;1.3747
1220.6;1.3743
1221.2;1.3735
1221.8;1.373
1222.3;1.3729
1222.9;1.3727
1223.5;1.3723
1224.1;1.3719
1224.7;1.3716
1225.2;1.3711
1225.8;1.3703
1226.4;1.3697
1227;1.3693
1227.6;1.3692
1228.1;1.3694
1228.7;1.3697
1229.3;1.3694
1229.9;1.3688
1230.5;1.3687
1231.1;1.3692
1231.6;1.3694
1232.2;1.3687
1232.8;1.3679
1233.4;1.3671
1234;1.366
1234.6;1.3653
1235.2;1.3651
1235.7;1.3653
1236.3;1.3657
1236.9;1.3662
1237.5;1.3664
1238.1;1.3658
1238.7;1.3647
1239.3;1.3638
1239.9;1.3634
1240.5;1.364
1241.1;1.3646
1241.7;1.3643
1242.3;1.3637
1242.9;1.3634
1243.5;1.3633
1244;1.363
1244.6;1.3627
1245.2;1.3626
1245.8;1.3623
1246.4;1.3619
1247;1.3619
1247.6;1.3619
1248.2;1.3612
1248.8;1.3599
1249.4;1.3592
1250;1.3597
1250.7;1.3605
1251.3;1.3606
1251.9;1.3602
1252.5;1.3596
1253.1;1.3591
1253.7;1.3592
1254.3;1.3592
1254.9;1.3591
1255.5;1.3591
1256.1;1.3591
1256.7;1.3588
1257.3;1.3584
1257.9;1.3581
1258.5;1.358
1259.2;1.3579
1259.8;1.3578
1260.4;1.3575
1261;1.3573
1261.6;1.3573
1262.2;1.3578
1262.8;1.3584
1263.4;1.3587
1264.1;1.3585
1264.7;1.3583
1265.3;1.358
1265.9;1.3578
1266.5;1.3582
1267.2;1.3588
1267.8;1.3593
1268.4;1.3593
1269;1.3592
1269.6;1.3593
1270.3;1.3598
1270.9;1.3602
1271.5;1.3602
1272.1;1.3607
1272.8;1.3617
1273.4;1.3621
1274;1.3621
1274.6;1.3622
1275.3;1.3627
1275.9;1.363
1276.5;1.3629
1277.1;1.3629
1277.8;1.3634
1278.4;1.3639
1279;1.3643
1279.7;1.3646
1280.3;1.3651
1280.9;1.3661
1281.6;1.3671
1282.2;1.3676
1282.8;1.3679
1283.5;1.3685
1284.1;1.3695
1284.7;1.3703
1285.4;1.3708
1286;1.3715
1286.6;1.3721
1287.3;1.3726
1287.9;1.3733
1288.6;1.3746
1289.2;1.376
1289.8;1.3768
1290.5;1.3769
1291.1;1.377
1291.8;1.3775
1292.4;1.3785
1293.1;1.3795
1293.7;1.3801
1294.4;1.3811
1295;1.3826
1295.7;1.3842
1296.3;1.3853
1296.9;1.3864
1297.6;1.3877
1298.2;1.389
1298.9;1.3899
1299.5;1.3909
1300.2;1.392
1300.9;1.3933
1301.5;1.395
1302.2;1.3969
1302.8;1.3986
1303.5;1.3998
1304.1;1.4005
1304.8;1.4016
1305.4;1.4031
1306.1;1.405
1306.8;1.407
1307.4;1.4088
1308.1;1.4107
1308.7;1.4127
1309.4;1.4148
1310.1;1.4164
1310.7;1.4181
1311.4;1.4202
1312;1.4224
1312.7;1.4245
1313.4;1.4266
1314;1.4286
1314.7;1.4305
1315.4;1.4325
1316;1.4348
1316.7;1.4376
1317.4;1.4404
1318;1.4432
1318.7;1.4464
1319.4;1.4491
1320.1;1.4513
1320.7;1.4538
1321.4;1.4567
1322.1;1.4592
1322.8;1.4618
1323.4;1.4649
1324.1;1.4683
1324.8;1.4708
1325.5;1.4731
1326.1;1.4762
1326.8;1.4796
1327.5;1.4825
1328.2;1.4854
1328.9;1.4889
1329.5;1.4925
1330.2;1.4959
1330.9;1.4993
1331.6;1.5025
1332.3;1.5055
1333;1.5087
1333.6;1.5119
1334.3;1.5151
1335;1.5184
1335.7;1.5222
1336.4;1.5256
1337.1;1.5285
1337.8;1.5315
1338.5;1.535
1339.2;1.5385
1339.8;1.5418
1340.5;1.545
1341.2;1.548
1341.9;1.5508
1342.6;1.5534
1343.3;1.556
1344;1.559
1344.7;1.5623
1345.4;1.5654
1346.1;1.5686
1346.8;1.5722
1347.5;1.5755
1348.2;1.5781
1348.9;1.5807
1349.6;1.584
1350.3;1.5879
1351;1.5917
1351.7;1.5947
1352.4;1.5965
1353.1;1.5981
1353.8;1.6003
1354.5;1.603
1355.3;1.6061
1356;1.6094
1356.7;1.6124
1357.4;1.6151
1358.1;1.618
1358.8;1.6207
1359.5;1.6228
1360.2;1.6248
1360.9;1.6274
1361.7;1.6301
1362.4;1.6323
1363.1;1.6349
1363.8;1.6389
1364.5;1.6433
1365.2;1.6473
1366;1.6512
1366.7;1.6549
1367.4;1.6583
1368.1;1.6617
1368.8;1.6663
1369.6;1.6717
1370.3;1.6766
1371;1.6816
1371.7;1.6878
1372.5;1.6947
1373.2;1.7018
1373.9;1.7088
1374.7;1.7155
1375.4;1.7228
1376.1;1.7316
1376.8;1.7411
1377.6;1.7502
1378.3;1.7594
1379;1.7702
1379.8;1.7819
1380.5;1.7936
1381.2;1.8055
1382;1.8183
1382.7;1.8334
1383.5;1.8498
1384.2;1.8659
1384.9;1.8819
1385.7;1.8993
1386.4;1.9165
1387.2;1.9324
1387.9;1.9491
1388.6;1.968
1389.4;1.9889
1390.1;2.0113
1390.9;2.0331
1391.6;2.0519
1392.4;2.0695
1393.1;2.0895
1393.9;2.1125
1394.6;2.1359
1395.4;2.1576
1396.1;2.1781
1396.9;2.1984
1397.6;2.2176
1398.4;2.2357
1399.1;2.2557
1399.9;2.2779
1400.6;2.2991
1401.4;2.3164
1402.2;2.3319
1402.9;2.3511
1403.7;2.3735
1404.4;2.3926
1405.2;2.4063
1406;2.4185
1406.7;2.4331
1407.5;2.4494
1408.3;2.4647
1409;2.48
1409.8;2.4951
1410.6;2.5086
1411.3;2.5212
1412.1;2.5324
1412.9;2.5441
1413.6;2.5594
1414.4;2.5714
1415.2;2.5758
1415.9;2.5809
1416.7;2.5909
1417.5;2.5998
1418.3;2.6044
1419;2.6113
1419.8;2.6244
1420.6;2.6391
1421.4;2.6496
1422.2;2.6534
1422.9;2.6564
1423.7;2.6639
1424.5;2.6752
1425.3;2.6846
1426.1;2.6866
1426.9;2.6851
1427.6;2.6875
1428.4;2.6943
1429.2;2.7019
1430;2.7121
1430.8;2.7245
1431.6;2.7323
1432.4;2.733
1433.2;2.734
1434;2.7357
1434.8;2.7347
1435.5;2.7377
1436.3;2.7453
1437.1;2.7513
1437.9;2.7573
1438.7;2.7659
1439.5;2.7737
1440.3;2.7768
1441.1;2.7768
1441.9;2.7769
1442.7;2.7805
1443.5;2.7854
1444.3;2.7882
1445.1;2.7904
1446;2.7928
1446.8;2.7982
1447.6;2.8063
1448.4;2.8069
1449.2;2.8008
1450;2.7998
1450.8;2.8059
1451.6;2.8083
1452.4;2.8034
1453.2;2.8014
1454.1;2.8061
1454.9;2.8082
1455.7;2.8021
1456.5;2.7988
1457.3;2.8066
1458.2;2.8166
1459;2.8169
1459.8;2.8092
1460.6;2.8064
1461.4;2.8152
1462.3;2.825
1463.1;2.8232
1463.9;2.8151
1464.7;2.8073
1465.6;2.7993
1466.4;2.7955
1467.2;2.7953
1468.1;2.7925
1468.9;2.7929
1469.7;2.7982
1470.6;2.7998
1471.4;2.7946
1472.2;2.7843
1473.1;2.771
1473.9;2.7638
1474.7;2.7653
1475.6;2.7668
1476.4;2.7595
1477.3;2.7453
1478.1;2.7332
1478.9;2.7287
1479.8;2.7293
1480.6;2.7297
1481.5;2.7225
1482.3;2.7089
1483.2;2.6996
1484;2.6985
1484.9;2.7024
1485.7;2.7056
1486.6;2.7023
1487.4;2.6925
1488.3;2.6826
1489.1;2.6763
1490;2.672
1490.9;2.6674
1491.7;2.6631
1492.6;2.6572
1493.4;2.6467
1494.3;2.638
1495.2;2.6354
1496;2.6317
1496.9;2.624
1497.7;2.6177
1498.6;2.6133
1499.5;2.6091
1500.3;2.6051
1501.2;2.6
1502.1;2.5935
1503;2.5877
1503.8;2.5837
1504.7;2.5803
1505.6;2.575
1506.4;2.5662
1507.3;2.5554
1508.2;2.5449
1509.1;2.5364
1510;2.531
1510.8;2.5276
1511.7;2.5223
1512.6;2.5138
1513.5;2.506
1514.4;2.5008
1515.3;2.4958
1516.1;2.4902
1517;2.4855
1517.9;2.4829
1518.8;2.4795
1519.7;2.4722
1520.6;2.4637
1521.5;2.4568
1522.4;2.4506
1523.3;2.443
1524.2;2.4345
1525.1;2.4281
1526;2.4245
1526.9;2.4208
1527.8;2.415
1528.7;2.4065
1529.6;2.3973
1530.5;2.3902
1531.4;2.3848
1532.3;2.3807
1533.2;2.3771
1534.1;2.3728
1535;2.3679
1535.9;2.3622
1536.8;2.3557
1537.7;2.3485
1538.6;2.3403
1539.5;2.3319
1540.5;2.3257
1541.4;2.3214
1542.3;2.3161
1543.2;2.3093
1544.1;2.3027
1545.1;2.2965
1546;2.2907
1546.9;2.2866
1547.8;2.2837
1548.7;2.2786
1549.7;2.2704
1550.6;2.2632
1551.5;2.2586
1552.5;2.2542
1553.4;2.2495
1554.3;2.2455
1555.2;2.2416
1556.2;2.2361
1557.1;2.23
1558.1;2.2256
1559;2.2219
1559.9;2.2166
1560.9;2.2115
1561.8;2.2075
1562.7;2.2025
1563.7;2.1961
1564.6;2.1907
1565.6;2.1869
1566.5;2.1834
1567.5;2.1787
1568.4;2.1741
1569.4;2.1709
1570.3;2.1676
1571.3;2.1626
1572.2;2.157
1573.2;2.1516
1574.1;2.1465
1575.1;2.1424
1576;2.1391
1577;2.1359
1578;2.1328
1578.9;2.1296
1579.9;2.126
1580.9;2.1221
1581.8;2.1181
1582.8;2.1145
1583.7;2.1115
1584.7;2.108
1585.7;2.1034
1586.7;2.0989
1587.6;2.0953
1588.6;2.092
1589.6;2.0886
1590.6;2.0856
1591.5;2.0826
1592.5;2.079
1593.5;2.0752
1594.5;2.0722
1595.4;2.07
1596.4;2.0675
1597.4;2.0636
1598.4;2.0592
1599.4;2.056
1600.4;2.0543
1601.4;2.0519
1602.3;2.0481
1603.3;2.0451
1604.3;2.0431
1605.3;2.0404
1606.3;2.0372
1607.3;2.0344
1608.3;2.0322
1609.3;2.0299
1610.3;2.0267
1611.3;2.0232
1612.3;2.0203
1613.3;2.019
1614.3;2.0184
1615.3;2.0165
1616.3;2.0134
1617.3;2.0106
1618.4;2.0083
1619.4;2.006
1620.4;2.0041
1621.4;2.0026
1622.4;2.0013
1623.4;1.9996
1624.4;1.9975
1625.5;1.9946
1626.5;1.9914
1627.5;1.9887
1628.5;1.9866
1629.5;1.9845
1630.6;1.9825
1631.6;1.9811
1632.6;1.9797
1633.6;1.9787
1634.7;1.978
1635.7;1.9766
1636.7;1.9739
1637.8;1.9709
1638.8;1.9689
1639.8;1.9681
1640.9;1.9676
1641.9;1.9662
1643;1.9636
1644;1.9615
1645;1.9603
1646.1;1.9594
1647.1;1.9585
1648.2;1.9573
1649.2;1.956
1650.3;1.9549
1651.3;1.9536
1652.4;1.9523
1653.4;1.9511
1654.5;1.9501
1655.6;1.9494
1656.6;1.9488
1657.7;1.9479
1658.7;1.9475
1659.8;1.9478
1660.9;1.9482
1661.9;1.9484
1663;1.9482
1664.1;1.9474
1665.1;1.9467
1666.2;1.9464
1667.3;1.9465
1668.3;1.9472
1669.4;1.9481
1670.5;1.9481
1671.6;1.9481
1672.6;1.9491
1673.7;1.9503
1674.8;1.9507
1675.9;1.9512
1677;1.9521
1678.1;1.953
1679.1;1.9545
1680.2;1.9564
1681.3;1.9584
1682.4;1.9604
1683.5;1.9622
1684.6;1.9639
1685.7;1.9651
1686.8;1.9661
1687.9;1.9674
1689;1.9696
1690.1;1.9724
1691.2;1.9746
1692.3;1.9755
1693.4;1.9763
1694.5;1.978
1695.6;1.9798
1696.7;1.9812
1697.8;1.983
1699;1.985
1700.1;1.9867
1701.2;1.9885
1702.3;1.9902
1703.4;1.9923
1704.5;1.9947
1705.7;1.9967
1706.8;1.998
1707.9;1.9998
1709;2.0022
1710.2;2.0042
1711.3;2.0053
1712.4;2.0065
1713.5;2.0089
1714.7;2.0115
1715.8;2.0129
1717;2.0143
1718.1;2.0162
1719.2;2.018
1720.4;2.0198
1721.5;2.0219
1722.7;2.0247
1723.8;2.0274
1724.9;2.0294
1726.1;2.0314
1727.2;2.0346
1728.4;2.0389
1729.6;2.0423
1730.7;2.0436
1731.9;2.0434
1733;2.0436
1734.2;2.0453
1735.3;2.0476
1736.5;2.049
1737.7;2.0497
1738.8;2.0508
1740;2.0528
1741.2;2.0551
1742.3;2.0577
1743.5;2.0612
1744.7;2.0645
1745.9;2.0667
1747;2.0685
1748.2;2.0707
1749.4;2.0739
1750.6;2.0778
1751.8;2.0808
1752.9;2.0838
1754.1;2.0878
1755.3;2.0918
1756.5;2.0951
1757.7;2.0979
1758.9;2.1004
1760.1;2.1032
1761.3;2.1067
1762.5;2.1099
1763.7;2.1126
1764.9;2.1156
1766.1;2.1186
1767.3;2.1207
1768.5;2.1226
1769.7;2.1245
1770.9;2.1259
1772.1;2.1269
1773.3;2.1282
1774.5;2.1299
1775.8;2.1313
1777;2.132
1778.2;2.1323
1779.4;2.1327
1780.6;2.1337
1781.9;2.1359
1783.1;2.1381
1784.3;2.1395
1785.5;2.1403
1786.8;2.1406
1788;2.1397
1789.2;2.1384
1790.5;2.1379
1791.7;2.1384
1792.9;2.1389
1794.2;2.1389
1795.4;2.1385
1796.7;2.1377
1797.9;2.1372
1799.2;2.1373
1800.4;2.137
1801.7;2.1356
1802.9;2.1335
1804.2;2.1318
1805.4;2.1318
1806.7;2.1328
1807.9;2.1328
1809.2;2.1313
1810.5;2.1289
1811.7;2.1271
1813;2.1265
1814.3;2.1263
1815.5;2.1266
1816.8;2.1271
1818.1;2.1273
1819.4;2.1273
1820.6;2.1273
1821.9;2.1276
1823.2;2.1285
1824.5;2.1294
1825.8;2.1294
1827.1;2.1285
1828.3;2.1284
1829.6;2.1298
1830.9;2.1308
1832.2;2.1308
1833.5;2.1319
1834.8;2.1343
1836.1;2.1368
1837.4;2.1398
1838.7;2.1434
1840;2.1466
1841.3;2.1492
1842.6;2.1531
1844;2.1589
1845.3;2.165
1846.6;2.1712
1847.9;2.1787
1849.2;2.1873
1850.5;2.1958
1851.9;2.2045
1853.2;2.2157
1854.5;2.2292
1855.8;2.2439
1857.2;2.2595
1858.5;2.2759
1859.8;2.2932
1861.2;2.3117
1862.5;2.3324
1863.8;2.3548
1865.2;2.3777
1866.5;2.4022
1867.9;2.4309
1869.2;2.463
1870.6;2.497
1871.9;2.5328
1873.3;2.5688
1874.6;2.6052
1876;2.6442
1877.3;2.6852
1878.7;2.7278
1880.1;2.772
1881.4;2.8163
1882.8;2.862
1884.2;2.907
1885.5;2.9473
1886.9;2.9888
1888.3;3.0365
1889.6;3.0815
1891;3.1158
1892.4;3.1522
1893.8;3.1915
1895.2;3.2103
1896.6;3.2131
1897.9;3.2206
1899.3;3.2415
1900.7;3.2678
1902.1;3.2935
1903.5;3.3175
1904.9;3.3303
1906.3;3.3279
1907.7;3.3205
1909.1;3.3228
1910.5;3.3323
1911.9;3.3317
1913.4;3.3185
1914.8;3.3084
1916.2;3.3108
1917.6;3.3217
1919;3.3277
1920.4;3.3287
1921.9;3.3379
1923.3;3.35
1924.7;3.3637
1926.1;3.3848
1927.6;3.3853
1929;3.3778
1930.5;3.3647
1931.9;3.3566
1933.3;3.354
1934.8;3.3475
1936.2;3.3485
1937.7;3.3524
1939.1;3.3422
1940.6;3.3157
1942;3.2983
1943.5;3.3063
1944.9;3.3301
1946.4;3.3466
1947.9;3.3439
1949.3;3.3358
1950.8;3.3375
1952.3;3.3426
1953.7;3.3429
1955.2;3.3559
1956.7;3.3657
1958.2;3.3513
1959.6;3.344
1961.1;3.3541
1962.6;3.3536
1964.1;3.3452
1965.6;3.3419
1967.1;3.332
1968.6;3.3165
1970.1;3.3101
1971.6;3.31
1973.1;3.2899
1974.6;3.2543
1976.1;3.2451
1977.6;3.2763
1979.1;3.3183
1980.6;3.3241
1982.1;3.2896
1983.6;3.2666
1985.1;3.2778
1986.7;3.2954
1988.2;3.2823
1989.7;3.2528
1991.2;3.2296
1992.8;3.2136
1994.3;3.2106
1995.8;3.2257
1997.4;3.2347
1998.9;3.2205
2000.5;3.1989
2002;3.1903
2003.6;3.2022
2005.1;3.2237
2006.7;3.2255
2008.2;3.2051
2009.8;3.1892
2011.3;3.1825
2012.9;3.1782
2014.5;3.18
2016;3.1809
2017.6;3.1708
2019.2;3.159
2020.7;3.1498
2022.3;3.1382
2023.9;3.1334
2025.5;3.1369
2027.1;3.1344
2028.6;3.1216
2030.2;3.1104
2031.8;3.11
2033.4;3.1104
2035;3.0983
2036.6;3.0852
2038.2;3.086
2039.8;3.0915
2041.4;3.0862
2043;3.0697
2044.6;3.0529
2046.2;3.0474
2047.9;3.0491
2049.5;3.047
2051.1;3.0385
2052.7;3.027
2054.4;3.0192
2056;3.0134
2057.6;3.0082
2059.3;3.0071
2060.9;3.0048
2062.5;2.9949
2064.2;2.9807
2065.8;2.9689
2067.5;2.9623
2069.1;2.9562
2070.8;2.9472
2072.4;2.9392
2074.1;2.9285
2075.7;2.9122
2077.4;2.8975
2079.1;2.8872
2080.7;2.8836
2082.4;2.8891
2084.1;2.8926
2085.8;2.8861
2087.4;2.881
2089.1;2.8772
2090.8;2.866
2092.5;2.8577
2094.2;2.8531
2095.9;2.8414
2097.6;2.8271
2099.3;2.8175
2101;2.8132
2102.7;2.8097
2104.4;2.798
2106.1;2.78
2107.8;2.7675
2109.5;2.7618
2111.2;2.7556
2113;2.7513
2114.7;2.7515
2116.4;2.7504
2118.1;2.7475
2119.9;2.7434
2121.6;2.7327
2123.3;2.7193
2125.1;2.7127
2126.8;2.7083
2128.6;2.7012
2130.3;2.6962
2132.1;2.6965
2133.8;2.6992
2135.6;2.6985
2137.3;2.6909
2139.1;2.6808
2140.9;2.6753
2142.6;2.6747
2144.4;2.6739
2146.2;2.6713
2148;2.67
2149.7;2.6698
2151.5;2.6668
2153.3;2.6629
2155.1;2.6609
2156.9;2.6584
2158.7;2.6559
2160.5;2.6526
2162.3;2.6471
2164.1;2.6432
2165.9;2.6431
2167.7;2.6426
2169.5;2.6394
2171.4;2.6366
2173.2;2.6359
2175;2.6334
2176.8;2.6277
2178.7;2.6229
2180.5;2.6169
2182.3;2.6078
2184.2;2.6042
2186;2.6066
2187.8;2.6054
2189.7;2.5987
2191.5;2.5904
2193.4;2.5816
2195.3;2.5738
2197.1;2.5672
2199;2.5613
2200.8;2.5576
2202.7;2.558
2204.6;2.5609
2206.5;2.5634
2208.3;2.5664
2210.2;2.568
2212.1;2.5639
2214;2.5567
2215.9;2.5517
2217.8;2.5522
2219.7;2.5556
2221.6;2.5563
2223.5;2.5497
2225.4;2.542
2227.3;2.5433
2229.2;2.5509
2231.2;2.554
2233.1;2.551
2235;2.546
2236.9;2.5398
2238.9;2.5384
2240.8;2.5449
2242.7;2.5506
2244.7;2.5528
2246.6;2.5598
2248.6;2.5683
2250.5;2.5711
2252.5;2.5734
2254.4;2.5778
2256.4;2.582
2258.4;2.5848
2260.3;2.5866
2262.3;2.588
2264.3;2.5956
2266.3;2.6155
2268.2;2.6324
2270.2;2.6343
2272.2;2.6344
2274.2;2.6389
2276.2;2.644
2278.2;2.6467
2280.2;2.645
2282.2;2.6399
2284.2;2.6411
2286.2;2.6505
2288.3;2.6581
2290.3;2.6609
2292.3;2.6668
2294.3;2.6778
2296.4;2.6781
2298.4;2.665
2300.4;2.6637
2302.5;2.6818
2304.5;2.6972
2306.6;2.6965
2308.6;2.6816
2310.7;2.6733
2312.8;2.6839
2314.8;2.6918
2316.9;2.6846
2319;2.6727
2321;2.6624
2323.1;2.6616
2325.2;2.6657
2327.3;2.6603
2329.4;2.6551
2331.5;2.6553
2333.6;2.6518
2335.7;2.6436
2337.8;2.6493
2339.9;2.6794
2342;2.6963
2344.1;2.6916
2346.2;2.6905
2348.4;2.6884
2350.5;2.6904
2352.6;2.7016
2354.8;2.7016
2356.9;2.6762
2359.1;2.6533
2361.2;2.6373
2363.4;2.6333
2365.5;2.6543
2367.7;2.672
2369.8;2.6425
2372;2.5953
2374.2;2.5848
2376.4;2.5938
2378.5;2.6013
2380.7;2.6215
2382.9;2.6334
2385.1;2.6237
2387.3;2.5958
2389.5;2.565
2391.7;2.5478
2393.9;2.5431
2396.1;2.5382
2398.3;2.5413
2400.6;2.5439
2402.8;2.5328
2405;2.5238
2407.2;2.521
2409.5;2.5068
2411.7;2.4952
2414;2.5147
2416.2;2.5269
2418.5;2.5149
2420.7;2.5333
2423;2.5768
2425.3;2.5363
2427.5;2.4589
2429.8;2.4278
2432.1;2.4344
2434.4;2.4288
2436.7;2.4116
2438.9;2.3905
2441.2;2.4062
2443.5;2.4594
2445.8;2.5079
2448.2;2.5433
2450.5;2.4896
2452.8;2.3887
2455.1;2.2859
2457.4;2.2242
2459.8;2.2437
2462.1;2.3544
2464.4;2.3928
2466.8;2.3548
2469.1;2.344
2471.5;2.3142
2473.9;2.2361
2476.2;2.1562
2478.6;2.1572
2481;2.1286
2483.3;2.1657
2485.7;2.171
2488.1;2.1833
2490.5;2.2334
2492.9;2.1457
2495.3;2.0179
2497.7;1.9305
2500.1;1.9212
